-- Adminer 3.6.1 MySQL dump

SET NAMES utf8;
SET foreign_key_checks = 0;
SET time_zone = 'SYSTEM';
SET sql_mode = 'NO_AUTO_VALUE_ON_ZERO';


INSERT INTO `y_admin` (`id`, `is_publish`, `create_time`, `update_time`, `last_login_time`, `login_count`, `username`, `realname`, `password`, `last_login_ip`, `email`, `remark`) VALUES
(2,	1,	1346841710,	1346841710,	1353999849,	190,	'admin',	'管理员',	'd8fa8c9756c2e8bcb7b704c746ae5f84',	'10.100.2.28',	'',	'备注信息');

INSERT INTO `y_advert` (`id`, `category_id`, `my_id`, `is_publish`, `width`, `height`, `ordernum`, `type`, `begin_time`, `end_time`, `update_time`, `create_time`, `lang`, `title`, `flash_img2`, `flash_img1`, `image`, `net_image`, `flash`, `url`, `code`, `target`, `tag`, `content`) VALUES
(1,	1168,	0,	1,	987,	385,	999,	2,	1352712418,	1352712418,	1352712418,	1352712418,	'zh-cn',	'首页通栏banner',	NULL,	NULL,	'50a0c0e284c5a.jpg',	'test',	NULL,	'',	'',	'_top',	NULL,	'首页通栏banner '),
(2,	1168,	0,	1,	987,	385,	999,	2,	1352711896,	1352711896,	1352711896,	1352711896,	'zh-cn',	'首页通栏banner',	NULL,	NULL,	'50a0bed831e6b.jpg',	'',	NULL,	'',	'',	'_top',	NULL,	'首页通栏banner'),
(21,	1211,	0,	1,	987,	385,	999,	2,	1352712418,	1352712418,	1352712418,	1352712418,	'mobile',	'首页通栏banner',	NULL,	NULL,	'50a0c0e284c5a.jpg',	'test',	NULL,	'',	'',	'_top',	NULL,	'首页通栏banner '),
(16,	1168,	0,	1,	987,	385,	999,	2,	1352711794,	1352711794,	1352711794,	1352711794,	'zh-cn',	'',	NULL,	NULL,	'50a0be72b3d55.jpg',	'',	NULL,	'',	'',	'_top',	NULL,	''),
(12,	1363,	0,	1,	1000,	695,	999,	2,	1351752208,	1351752208,	1351752208,	1351752208,	'zh-tw',	'XZDX',	NULL,	NULL,	'50921a0fbdd19.jpg',	'',	NULL,	'',	'',	'_top',	NULL,	''),
(13,	1364,	0,	1,	1000,	720,	999,	2,	1351753126,	1351753126,	1351753126,	1351753126,	'zh-tw',	'ttt',	NULL,	NULL,	'50921da560a76.jpg',	'',	NULL,	'##',	'',	'_blank',	NULL,	'rytrf'),
(14,	1243,	0,	1,	987,	281,	999,	2,	1352712075,	1352712075,	1352712075,	1352712075,	'zh-cn',	'',	NULL,	NULL,	'50a0bf8b66bbe.jpg',	'',	NULL,	'',	'',	'_top',	NULL,	''),
(15,	1237,	0,	1,	1000,	252,	999,	2,	1352535532,	1352535532,	1352535532,	1352535532,	'mobile',	'',	NULL,	NULL,	'509e0dec42efd.jpg',	'',	NULL,	'',	'',	'_top',	NULL,	''),
(18,	1211,	0,	1,	987,	385,	999,	2,	1352711794,	1352711794,	1352711794,	1352711794,	'mobile',	'',	NULL,	NULL,	'50a0be72b3d55.jpg',	'',	NULL,	'',	'',	'_top',	NULL,	''),
(19,	1211,	0,	1,	987,	385,	999,	2,	1352711896,	1352711896,	1352711896,	1352711896,	'mobile',	'首页通栏banner',	NULL,	NULL,	'50a0bed831e6b.jpg',	'',	NULL,	'',	'',	'_top',	NULL,	'首页通栏banner');

INSERT INTO `y_category` (`id`, `pid`, `my_id`, `is_publish`, `is_comment`, `is_delete`, `is_fixed`, `is_mobile`, `ordernum`, `list_count`, `lang`, `levels`, `title`, `image`, `alias`, `color`, `burl`, `furl`, `tag`, `tpl_one`, `description`) VALUES
(17,	11,	17,	1,	0,	0,	1,	0,	29,	0,	'zh-cn',	'11',	'简体',	NULL,	'zh-cn',	'',	'',	NULL,	'',	'',	''),
(18,	11,	18,	1,	0,	0,	1,	0,	27,	0,	'en-us',	'11',	'英文',	NULL,	'en-us',	'',	'',	NULL,	'',	'',	''),
(19,	12,	19,	1,	0,	0,	1,	1,	13,	9,	'zh-cn',	'12',	'资讯发布',	NULL,	'News',	'',	'',	NULL,	'',	'auto',	''),
(20,	12,	20,	1,	0,	0,	1,	1,	12,	58,	'zh-cn',	'12',	'产品发布',	NULL,	'Goods',	'',	'',	NULL,	'',	'auto',	''),
(21,	12,	21,	1,	0,	0,	1,	1,	11,	1,	'zh-cn',	'12',	'客户留言',	NULL,	'Guestbook',	'',	'',	NULL,	'',	'auto',	''),
(22,	12,	22,	1,	0,	0,	1,	1,	10,	27,	'zh-cn',	'12',	'服务网点',	NULL,	'Market',	'',	'',	NULL,	'',	'auto',	''),
(23,	12,	23,	1,	0,	0,	1,	1,	9,	4,	'zh-cn',	'12',	'广告发布',	NULL,	'Advert',	'',	'',	NULL,	'',	'auto',	''),
(24,	12,	24,	1,	0,	0,	1,	1,	8,	0,	'zh-cn',	'12',	'友情链接',	NULL,	'Link',	'',	'',	NULL,	'',	'auto',	''),
(25,	12,	25,	1,	0,	0,	1,	1,	7,	0,	'zh-cn',	'12',	'在线加盟',	NULL,	'Joinin',	'',	'',	NULL,	'',	'auto',	''),
(26,	12,	26,	1,	0,	0,	1,	1,	6,	1,	'zh-cn',	'12',	'下载管理',	NULL,	'Download',	'',	'',	NULL,	'',	'auto',	''),
(27,	12,	27,	1,	0,	0,	1,	1,	5,	12,	'zh-cn',	'12',	'发布招聘',	NULL,	'Job',	'',	'',	NULL,	'',	'auto',	''),
(28,	12,	28,	1,	0,	0,	1,	1,	4,	0,	'zh-cn',	'12',	'在线调查',	NULL,	'Survey',	'',	'',	NULL,	'',	'auto',	''),
(29,	12,	29,	1,	0,	0,	1,	1,	3,	0,	'zh-cn',	'12',	'会员管理',	NULL,	'Member',	'',	'',	NULL,	'',	'auto',	''),
(30,	12,	30,	1,	0,	0,	1,	1,	1,	8,	'zh-cn',	'12',	'基本设置',	NULL,	'System',	'',	'',	NULL,	'',	'auto',	''),
(31,	30,	31,	1,	0,	0,	1,	0,	50,	0,	'zh-cn',	'12|30',	'添加管理员',	NULL,	'Rbac',	'',	'User/index',	NULL,	'',	'',	''),
(32,	30,	32,	1,	0,	0,	1,	0,	49,	0,	'zh-cn',	'12|30',	'网站基本信息',	NULL,	'Website',	'',	'',	NULL,	'',	'',	''),
(33,	30,	33,	1,	0,	0,	1,	0,	47,	0,	'zh-cn',	'12|30',	'网站SEO设置',	NULL,	'Seo',	'',	'',	NULL,	'',	'',	''),
(34,	30000,	34000,	0,	0,	0,	1,	0,	46,	0,	'zh-cn',	'12|30',	'邮箱设置',	NULL,	'Email',	'',	'',	NULL,	'',	'',	''),
(485,	26,	485,	1,	0,	0,	0,	0,	30,	1,	'zh-cn',	'12|26',	'下载列表',	NULL,	'Download/index',	'',	'',	'',	'',	'list',	''),
(486,	26,	486,	1,	0,	0,	1,	0,	1,	0,	'zh-cn',	'12|26',	'分类管理',	NULL,	'download_category',	'',	'',	NULL,	'',	'list',	''),
(205,	27,	205,	1,	0,	0,	0,	0,	30,	2,	'zh-cn',	'12|27',	'人才招聘',	NULL,	'Job/index',	'',	'',	'',	'',	'list',	''),
(428,	11,	428,	1,	0,	0,	1,	0,	28,	0,	'zh-tw',	'11',	'繁体',	NULL,	'zh-tw',	'',	'',	NULL,	'',	'',	''),
(469,	22,	469,	1,	0,	0,	0,	1,	31,	2,	'zh-cn',	'12|22',	'添加网点',	NULL,	'Market/index',	'',	'',	'',	'',	'list',	''),
(497,	19,	497,	1,	0,	0,	1,	0,	2,	0,	'',	'12|19',	'推荐管理',	NULL,	'news_recommend',	'',	'',	NULL,	'',	'auto',	''),
(220,	21,	220,	1,	0,	0,	0,	1,	30,	-1,	'zh-cn',	'12|21',	'回复留言',	NULL,	'Guestbook/view',	'',	'',	NULL,	'',	'list',	''),
(222,	21,	222,	1,	0,	0,	1,	0,	1,	1,	'',	'12|21',	'留言类型',	NULL,	'guestbook_category',	'',	'',	NULL,	'',	'list',	''),
(499,	497,	499,	1,	0,	0,	1,	0,	3,	0,	'zh-cn',	'12|19|497',	'置顶',	NULL,	'news_istop',	'',	'',	NULL,	'',	'list',	''),
(498,	497,	498,	1,	0,	0,	1,	0,	4,	0,	'zh-cn',	'12|19|497',	'首页',	NULL,	'news_ishome',	'',	'',	NULL,	'',	'list',	''),
(458,	28,	458,	1,	0,	0,	1,	0,	10,	0,	'zh-cn',	'12|28',	'调查主题',	NULL,	'SurveySubject',	'',	'',	NULL,	'',	'list',	''),
(336,	29,	336,	1,	0,	0,	1,	0,	30,	0,	'zh-cn',	'12|29',	'会员列表',	NULL,	'Member/index',	'',	'',	NULL,	'',	'list',	''),
(467,	25,	467,	1,	0,	0,	1,	0,	30,	0,	'zh-cn',	'12|25',	'加盟申请',	NULL,	'Join/apply',	'',	'',	NULL,	'',	'list',	''),
(12,	0,	12,	1,	0,	0,	1,	1,	50,	144,	'zh-cn',	'',	'易云平台',	NULL,	'Module',	'',	'',	NULL,	'',	'auto',	''),
(457,	28,	457,	1,	0,	0,	1,	0,	10,	0,	'zh-cn',	'12|28',	'调查结果',	NULL,	'SurveyResult',	'',	'',	NULL,	'',	'list',	''),
(464,	20,	464,	1,	0,	0,	1,	0,	2,	0,	'',	'12|20',	'添加产品分类',	NULL,	'goods_category',	'',	'',	NULL,	'',	'list',	''),
(463,	27,	463,	1,	0,	0,	1,	0,	1,	0,	'',	'12|27',	'职位管理',	NULL,	'position',	'',	'',	NULL,	'',	'list',	''),
(429,	11,	429,	1,	0,	0,	1,	0,	26,	0,	'ja-jp',	'11',	'日文',	NULL,	'ja-jp',	'',	'',	NULL,	'',	'',	''),
(430,	11,	430,	1,	0,	0,	1,	0,	25,	0,	'ko-kr',	'11',	'韩文',	NULL,	'ko-kr',	'',	'',	NULL,	'',	'',	''),
(468,	22,	468,	1,	0,	0,	1,	0,	1,	0,	'',	'12|22',	'区域管理',	NULL,	'market_area',	'',	'',	NULL,	'',	'list',	''),
(479,	24,	479,	1,	0,	0,	1,	0,	1,	0,	'',	'12|24',	'分类管理',	NULL,	'link_category',	'',	'',	NULL,	'',	'list',	''),
(500,	497,	500,	1,	0,	0,	1,	0,	2,	0,	'zh-cn',	'12|19|497',	'已发布',	NULL,	'news_ispublish1',	'',	'',	NULL,	'',	'list',	''),
(501,	497,	501,	1,	0,	0,	1,	0,	1,	0,	'zh-cn',	'12|19|497',	'未发布',	NULL,	'news_ispublish0',	'',	'',	NULL,	'',	'list',	''),
(1211,	23,	0,	1,	0,	1,	0,	0,	30,	3,	'mobile',	'12|23',	'首页多图片切换',	NULL,	'adv/m_list',	'',	'',	'',	'',	'list',	''),
(521,	20,	521,	0,	0,	0,	1,	0,	3,	0,	'',	'12|20',	'产品询价',	NULL,	'goods_inquire',	'',	'',	'',	'',	'list',	''),
(512,	20,	512,	1,	0,	0,	1,	0,	1,	0,	'',	'12|20',	'推荐管理',	NULL,	'goods_recommend',	'',	'',	NULL,	'',	'list',	''),
(513,	512,	513,	1,	0,	0,	1,	0,	3,	0,	'zh-cn',	'12|20|512',	'置顶',	NULL,	'goods_istop',	'',	'',	NULL,	'',	'list',	''),
(514,	512,	514,	1,	0,	0,	1,	0,	4,	0,	'zh-cn',	'12|20|512',	'首页',	NULL,	'goods_ishome',	'',	'',	NULL,	'',	'list',	''),
(515,	512,	515,	1,	0,	0,	1,	0,	2,	0,	'zh-cn',	'12|20|512',	'已发布',	NULL,	'goods_ispublish1',	'',	'',	NULL,	'',	'list',	''),
(516,	512,	516,	1,	0,	0,	1,	0,	1,	0,	'zh-cn',	'12|20|512',	'未发布',	NULL,	'goods_ispublish0',	'',	'',	NULL,	'',	'list',	''),
(11,	0,	11,	1,	0,	0,	0,	0,	50,	0,	'zh-cn',	'',	'多语言',	NULL,	'Lang',	'',	'',	NULL,	'',	'auto',	''),
(536,	535,	536,	1,	0,	0,	1,	0,	30,	0,	'zh-cn',	'12|535',	'搜索引擎登录入口',	NULL,	'',	'',	'',	NULL,	'',	'list',	''),
(535,	12,	535,	1,	0,	0,	1,	0,	2,	0,	'zh-cn',	'12',	'营销推广',	NULL,	'Seo',	'',	'',	NULL,	'',	'',	''),
(537,	535,	537,	1,	0,	0,	1,	0,	30,	0,	'zh-cn',	'12|535',	'分类目录登录入口',	NULL,	'',	'',	'',	NULL,	'',	'list',	''),
(538,	535,	538,	1,	0,	0,	1,	0,	30,	0,	'zh-cn',	'12|535',	'SEO综合查询',	NULL,	'',	'',	'',	NULL,	'',	'list',	''),
(35,	30,	35,	0,	0,	0,	0,	0,	1,	8,	'zh-cn',	'12|30',	'手机版',	NULL,	'MobileWebsite',	'',	'Mobile/index',	NULL,	'',	'auto',	''),
(36,	12,	36,	1,	0,	0,	1,	0,	14,	3,	'zh-cn',	'12',	'公司介绍',	NULL,	'About',	'',	'',	NULL,	'',	'auto',	''),
(775,	35,	775,	1,	0,	0,	1,	0,	4,	0,	'zh-cn',	'12|30|35',	'手机主题',	NULL,	'MobileTheme',	'',	'Mobile/index',	NULL,	'',	'list',	''),
(749,	35,	749,	1,	0,	0,	1,	0,	1,	8,	'zh-cn',	'12|30|35',	'联系方式',	NULL,	'MobileContact',	'',	'Mobile/index',	NULL,	'',	'list',	''),
(750,	35,	750,	1,	0,	0,	1,	0,	5,	0,	'zh-cn',	'12|30|35',	'基本信息',	NULL,	'MobileBase',	'',	'Mobile/index',	NULL,	'',	'list',	''),
(751,	35,	751,	1,	0,	0,	1,	0,	2,	0,	'zh-cn',	'12|30|35',	'移动SEO设置',	NULL,	'MobileSEO',	'',	'Mobile/index',	NULL,	'',	'list',	''),
(774,	35,	774,	1,	0,	0,	1,	0,	3,	0,	'zh-cn',	'12|30|35',	'多域名绑定',	NULL,	'MobileDomain',	'',	'Mobile/index',	NULL,	'',	'list',	''),
(781,	11,	781,	1,	0,	0,	1,	0,	50,	0,	'zh-cn',	'11',	'手机',	NULL,	'mobile',	'',	'',	NULL,	'',	'',	''),
(615,	469,	615,	1,	0,	1,	0,	0,	30,	7,	'zh-cn',	'12|22|469',	'广东',	NULL,	'Guangdong',	'',	'',	NULL,	'',	'list',	''),
(618,	469,	618,	1,	0,	1,	0,	1,	30,	0,	'zh-cn',	'12|22|469',	'青海',	NULL,	'Qinghai',	'',	'',	NULL,	'',	'list',	''),
(619,	469,	619,	1,	0,	1,	0,	1,	30,	0,	'zh-cn',	'12|22|469',	'甘肃',	NULL,	'Gansu',	'',	'',	NULL,	'',	'list',	''),
(620,	469,	620,	1,	0,	1,	0,	1,	30,	0,	'zh-cn',	'12|22|469',	'内蒙古',	NULL,	'InnerMongolia',	'',	'',	NULL,	'',	'list',	''),
(621,	469,	621,	1,	0,	1,	0,	1,	30,	0,	'zh-cn',	'12|22|469',	'宁夏',	NULL,	'Ningxia',	'',	'',	NULL,	'',	'list',	''),
(622,	469,	622,	1,	0,	1,	0,	0,	30,	0,	'zh-cn',	'12|22|469',	'陕西',	NULL,	'Shanxi',	'',	'',	NULL,	'',	'list',	''),
(623,	469,	623,	1,	0,	1,	0,	0,	30,	0,	'zh-cn',	'12|22|469',	'山西',	NULL,	'Shanxi2',	'',	'',	NULL,	'',	'list',	''),
(624,	469,	624,	1,	0,	1,	0,	0,	30,	0,	'zh-cn',	'12|22|469',	'河北',	NULL,	'Hebei',	'',	'',	NULL,	'',	'list',	''),
(625,	469,	625,	1,	0,	1,	0,	0,	30,	3,	'zh-cn',	'12|22|469',	'北京',	NULL,	'Beijing',	'',	'',	NULL,	'',	'list',	''),
(626,	469,	626,	1,	0,	1,	0,	0,	30,	3,	'zh-cn',	'12|22|469',	'天津',	NULL,	'Tianjin',	'',	'',	NULL,	'',	'list',	''),
(627,	469,	627,	1,	0,	1,	0,	0,	30,	0,	'zh-cn',	'12|22|469',	'辽宁',	NULL,	'Liaoning',	'',	'',	NULL,	'',	'list',	''),
(628,	469,	628,	1,	0,	1,	0,	0,	30,	0,	'zh-cn',	'12|22|469',	'吉林',	NULL,	'Jilin',	'',	'',	NULL,	'',	'list',	''),
(629,	469,	629,	1,	0,	1,	0,	0,	30,	0,	'zh-cn',	'12|22|469',	'黑龙江',	NULL,	'Heilongjiang',	'',	'',	NULL,	'',	'list',	''),
(630,	469,	630,	1,	0,	1,	0,	0,	30,	0,	'zh-cn',	'12|22|469',	'山东',	NULL,	'Shandong',	'',	'',	NULL,	'',	'list',	''),
(631,	469,	631,	1,	0,	1,	0,	0,	30,	0,	'zh-cn',	'12|22|469',	'河南',	NULL,	'Henan',	'',	'',	NULL,	'',	'list',	''),
(632,	469,	632,	1,	0,	1,	0,	0,	30,	0,	'zh-cn',	'12|22|469',	'云南',	NULL,	'Yunnan',	'',	'',	NULL,	'',	'list',	''),
(633,	469,	633,	1,	0,	1,	0,	0,	30,	0,	'zh-cn',	'12|22|469',	'广西',	NULL,	'Guangxi',	'',	'',	NULL,	'',	'list',	''),
(634,	469,	634,	1,	0,	1,	0,	0,	30,	0,	'zh-cn',	'12|22|469',	'海南',	NULL,	'Hainan',	'',	'',	NULL,	'',	'list',	''),
(635,	469,	635,	1,	0,	1,	0,	0,	30,	0,	'zh-cn',	'12|22|469',	'湖南',	NULL,	'Hunan',	'',	'',	NULL,	'',	'list',	''),
(636,	469,	636,	1,	0,	1,	0,	0,	30,	3,	'zh-cn',	'12|22|469',	'重庆',	NULL,	'Chongqing',	'',	'',	NULL,	'',	'list',	''),
(637,	469,	637,	1,	0,	1,	0,	0,	30,	0,	'zh-cn',	'12|22|469',	'安徽',	NULL,	'Anhui',	'',	'',	NULL,	'',	'list',	''),
(638,	469,	638,	1,	0,	1,	0,	0,	30,	0,	'zh-cn',	'12|22|469',	'江苏',	NULL,	'Jiangsu',	'',	'',	NULL,	'',	'list',	''),
(639,	469,	639,	1,	0,	1,	0,	0,	30,	0,	'zh-cn',	'12|22|469',	'上海',	NULL,	'Shanghai',	'',	'',	NULL,	'',	'list',	''),
(640,	469,	640,	1,	0,	1,	0,	0,	30,	0,	'zh-cn',	'12|22|469',	'台湾',	NULL,	'Taiwan',	'',	'',	NULL,	'',	'list',	''),
(641,	469,	641,	1,	0,	1,	0,	0,	30,	0,	'zh-cn',	'12|22|469',	'贵州',	NULL,	'Guizhou',	'',	'',	NULL,	'',	'list',	''),
(642,	469,	642,	1,	0,	1,	0,	0,	30,	0,	'zh-cn',	'12|22|469',	'湖北',	NULL,	'Hubei',	'',	'',	NULL,	'',	'list',	''),
(643,	469,	643,	1,	0,	1,	0,	0,	30,	3,	'zh-cn',	'12|22|469',	'四川',	NULL,	'Sichuan',	'',	'',	NULL,	'',	'list',	''),
(644,	469,	644,	1,	0,	1,	0,	0,	30,	0,	'zh-cn',	'12|22|469',	'福建',	NULL,	'Fujian',	'',	'',	NULL,	'',	'list',	''),
(645,	469,	645,	1,	0,	1,	0,	0,	30,	0,	'zh-cn',	'12|22|469',	'江西',	NULL,	'Jiangxi',	'',	'',	NULL,	'',	'list',	''),
(37,	12,	37,	1,	0,	0,	1,	1,	4,	21,	'zh-cn',	'12',	'视频管理',	NULL,	'Video',	'',	'',	NULL,	'',	'auto',	NULL),
(38,	30,	0,	1,	0,	0,	1,	0,	50,	0,	'zh-cn',	'12|30',	'联系方式',	NULL,	'Contact',	'',	'',	NULL,	'',	'',	NULL),
(39,	30,	0,	1,	0,	0,	1,	0,	50,	0,	'zh-cn',	'12|30',	'网站主题',	NULL,	'Theme',	'',	'',	NULL,	'',	'',	NULL),
(40,	30,	0,	1,	0,	0,	1,	0,	50,	0,	'zh-cn',	'12|30',	'多域名绑定',	NULL,	'Domain',	'',	'',	NULL,	'',	'',	NULL),
(41,	37,	41,	1,	0,	0,	1,	0,	1,	0,	'',	'12|37',	'分类管理',	NULL,	'video_category',	'',	'',	'NULL',	'',	'list',	''),
(1191,	37,	0,	1,	0,	1,	0,	0,	30,	2,	'zh-cn',	'12|37',	'视频列表',	NULL,	'Video/Index',	'',	'',	'',	'',	'list',	''),
(1159,	36,	0,	1,	0,	1,	0,	0,	30,	0,	'zh-cn',	'12|36',	'关于我们',	NULL,	'About/index',	'',	'',	'',	'',	'auto',	''),
(1160,	19,	0,	1,	0,	1,	0,	0,	30,	-7,	'zh-cn',	'12|19',	'新闻中心',	NULL,	'News/index',	'',	'',	'',	'',	'list',	''),
(1161,	20,	0,	1,	0,	1,	0,	0,	30,	31,	'zh-cn',	'12|20',	'产品中心',	NULL,	'Goods/index',	'',	'',	'',	'',	'list',	''),
(1168,	23,	0,	1,	0,	1,	0,	0,	30,	-1,	'zh-cn',	'12|23',	'首页多图片切换',	NULL,	'index/adList',	'',	'',	'',	'',	'list',	''),
(1206,	19,	0,	1,	0,	1,	0,	0,	30,	12,	'mobile',	'12|19',	'新闻中心',	NULL,	'News/index',	'',	'',	'',	'',	'list',	''),
(1207,	1206,	0,	1,	0,	1,	0,	0,	30,	4,	'mobile',	'12|19|1206',	'最新活动',	NULL,	'',	'',	'',	'',	'',	'list',	''),
(1169,	24,	0,	1,	0,	1,	0,	0,	30,	0,	'zh-cn',	'12|24',	'友情列表',	NULL,	'',	'',	'',	'',	'',	'list',	''),
(1170,	1159,	0,	1,	0,	1,	0,	0,	30,	0,	'zh-cn',	'12|36|1159',	'公司简介',	NULL,	'About/indexInfo',	'',	'',	'',	'',	'one',	''),
(1171,	1159,	0,	1,	0,	1,	0,	0,	30,	0,	'zh-cn',	'12|36|1159',	'经营理念',	NULL,	'',	'',	'',	'',	'',	'one',	''),
(1172,	1159,	0,	1,	0,	1,	0,	0,	30,	0,	'zh-cn',	'12|36|1159',	'荣誉资质',	NULL,	'',	'',	'',	'',	'',	'one',	''),
(1175,	1160,	0,	1,	0,	1,	0,	0,	30,	-4,	'zh-cn',	'12|19|1160',	'最新活动',	NULL,	'',	'',	'',	'',	'',	'list',	''),
(1176,	1160,	0,	1,	0,	1,	0,	0,	30,	1,	'zh-cn',	'12|19|1160',	'公司新闻',	NULL,	'',	'',	'',	'',	'',	'list',	''),
(1177,	1160,	0,	1,	0,	1,	0,	0,	30,	-4,	'zh-cn',	'12|19|1160',	'行业资讯',	NULL,	'',	'',	'',	'',	'',	'list',	''),
(1194,	36,	0,	1,	0,	1,	0,	0,	30,	3,	'mobile',	'12|36',	'关于我们',	NULL,	'About/index',	'',	'',	'',	'',	'auto',	''),
(1198,	1194,	0,	1,	0,	1,	0,	0,	30,	1,	'mobile',	'12|36|1194',	'公司简介',	NULL,	'About/indexInfo',	'',	'',	'',	'',	'one',	''),
(1238,	1194,	0,	1,	0,	1,	0,	0,	30,	1,	'mobile',	'12|36|1194',	'经营理念',	NULL,	'',	'',	'',	'',	'',	'one',	''),
(1208,	1206,	0,	1,	0,	1,	0,	0,	30,	3,	'mobile',	'12|19|1206',	'公司新闻',	NULL,	'',	'',	'',	'',	'',	'list',	''),
(1209,	1206,	0,	1,	0,	1,	0,	0,	30,	5,	'mobile',	'12|19|1206',	'行业资讯',	NULL,	'',	'',	'',	'',	'',	'list',	''),
(1210,	20,	0,	1,	0,	1,	0,	0,	30,	10,	'mobile',	'12|20',	'产品中心',	NULL,	'Goods/index',	'',	'',	'',	'',	'list',	''),
(1212,	22,	0,	1,	0,	1,	0,	0,	30,	25,	'mobile',	'12|22',	'添加网点',	NULL,	'Market/index',	'',	'',	'',	'',	'list',	''),
(1217,	27,	0,	1,	0,	1,	0,	0,	30,	8,	'mobile',	'12|27',	'人才招聘',	NULL,	'Job/index',	'',	'',	'',	'',	'list',	''),
(1218,	37,	0,	1,	0,	1,	0,	0,	30,	0,	'mobile',	'12|37',	'视频列表',	NULL,	'Video/Index',	'',	'',	'',	'',	'list',	''),
(1224,	220,	0,	1,	0,	1,	0,	0,	30,	-2,	'zh-cn',	'12|21|220',	'建议',	NULL,	'',	'',	'',	NULL,	'',	'list',	''),
(1223,	21,	0,	1,	0,	1,	0,	0,	30,	1,	'mobile',	'12|21',	'回复留言',	NULL,	'Guestbook/view',	'',	'',	'',	'',	'list',	''),
(1225,	1223,	0,	1,	0,	1,	0,	0,	30,	0,	'mobile',	'12|21|1223',	'反馈',	NULL,	'',	'',	'',	NULL,	'',	'list',	''),
(1226,	1223,	0,	1,	0,	1,	0,	0,	30,	0,	'mobile',	'12|21|1223',	'建议',	NULL,	'',	'',	'',	'',	'',	'list',	''),
(1227,	1223,	0,	1,	0,	1,	0,	0,	30,	0,	'mobile',	'12|21|1223',	'咨询',	NULL,	'',	'',	'',	'',	'',	'list',	''),
(1228,	220,	0,	1,	0,	1,	0,	0,	30,	-1,	'zh-cn',	'12|21|220',	'咨询',	NULL,	'',	'',	'',	'',	'',	'list',	''),
(1229,	220,	0,	1,	0,	1,	0,	0,	30,	0,	'zh-cn',	'12|21|220',	'反馈',	NULL,	'',	'',	'',	'',	'',	'list',	''),
(1232,	25,	0,	1,	0,	1,	0,	0,	30,	0,	'zh-cn',	'12|25',	'加盟信息',	NULL,	'Join/index',	'',	'',	'',	'',	'auto',	''),
(1233,	1232,	0,	1,	0,	1,	0,	0,	30,	0,	'zh-cn',	'12|25|1232',	'加盟支持',	NULL,	'',	'',	'',	'',	'',	'one',	''),
(1234,	1232,	0,	1,	0,	1,	0,	0,	30,	0,	'zh-cn',	'12|25|1232',	'加盟优势',	NULL,	'',	'',	'',	'',	'',	'one',	''),
(1235,	1232,	0,	1,	0,	1,	0,	0,	30,	0,	'zh-cn',	'12|25|1232',	'投资前景',	NULL,	'',	'',	'',	'',	'',	'one',	''),
(1237,	23,	0,	1,	0,	1,	0,	0,	30,	1,	'mobile',	'12|23',	'首页列表图片',	NULL,	'indexad/list',	'',	'',	'',	'',	'list',	''),
(1261,	1194,	0,	1,	0,	1,	0,	0,	30,	1,	'mobile',	'12|36|1194',	'荣誉资质',	NULL,	'',	'',	'',	'',	'',	'one',	''),
(1241,	36,	0,	1,	0,	1,	0,	0,	30,	0,	'zh-cn',	'12|36',	'联系我们',	NULL,	'Contact/index',	'',	'',	'',	'',	'auto',	''),
(1242,	1241,	0,	1,	0,	1,	0,	0,	30,	0,	'zh-cn',	'12|36|1241',	'电子地图',	NULL,	'Contact/map',	'',	'',	'',	'',	'one',	''),
(1243,	23,	0,	1,	0,	1,	0,	0,	30,	-1,	'zh-cn',	'12|23',	'内页图片广告',	NULL,	'Inside/ad',	'',	'',	'',	'',	'list',	''),
(1375,	1210,	0,	1,	0,	1,	0,	0,	30,	0,	'mobile',	'12|20|1161',	'新品展示',	NULL,	'',	'',	'',	NULL,	'',	'list',	''),
(1371,	1210,	0,	1,	0,	1,	0,	0,	30,	0,	'mobile',	'12|20|1161',	'主打产品',	NULL,	'',	'',	'',	NULL,	'',	'list',	''),
(1374,	1161,	0,	1,	0,	1,	0,	0,	30,	9,	'zh-cn',	'12|20|1161',	'新品展示',	NULL,	'',	'',	'',	NULL,	'',	'list',	''),
(1258,	36,	0,	1,	0,	1,	0,	0,	30,	0,	'mobile',	'12|36',	'联系我们',	NULL,	'Contact/index',	'',	'',	'',	'',	'list',	''),
(1259,	1258,	0,	1,	0,	1,	0,	0,	30,	0,	'mobile',	'12|36|1258',	'电子地图',	NULL,	'Contact/map',	'',	'',	'',	'',	'one',	''),
(42,	30,	42,	1,	0,	0,	1,	0,	46,	0,	'zh-cn',	'12|30',	'流量统计代码',	NULL,	'Flow',	'',	'',	NULL,	'',	'',	''),
(1262,	36,	0,	1,	0,	1,	0,	0,	30,	0,	'zh-tw',	'12|36',	'關於我們',	NULL,	'About/index',	'',	'',	'',	'',	'auto',	''),
(1263,	36,	0,	1,	0,	1,	0,	0,	30,	0,	'zh-tw',	'12|36',	'聯繫我們',	NULL,	'Contact/index',	'',	'',	'',	'',	'auto',	''),
(1264,	1262,	0,	1,	0,	1,	0,	0,	30,	0,	'zh-tw',	'12|36|1262',	'公司簡介',	NULL,	'About/indexInfo',	'',	'',	'',	'',	'one',	''),
(1265,	1262,	0,	1,	0,	1,	0,	0,	30,	0,	'zh-tw',	'12|36|1262',	'經營理念',	NULL,	'',	'',	'',	'',	'',	'one',	''),
(1266,	1262,	0,	1,	0,	1,	0,	0,	30,	0,	'zh-tw',	'12|36|1262',	'榮譽資質',	NULL,	'',	'',	'',	'',	'荣誉资质',	'one',	''),
(1267,	36,	0,	1,	0,	1,	0,	0,	30,	0,	'en-us',	'12|36',	'About Us',	NULL,	'About/index',	'',	'',	'',	'',	'auto',	''),
(1268,	1267,	0,	1,	0,	1,	0,	0,	30,	0,	'en-us',	'12|36|1267',	'Company Profile',	NULL,	'',	'',	'',	'',	'',	'one',	''),
(1269,	1267,	0,	1,	0,	1,	0,	0,	30,	0,	'en-us',	'12|36|1267',	'Business',	NULL,	'',	'',	'',	'',	'',	'one',	''),
(1270,	1267,	0,	1,	0,	1,	0,	0,	30,	0,	'en-us',	'12|36|1267',	'Honors',	NULL,	'',	'',	'',	'',	'',	'one',	''),
(1271,	36,	0,	1,	0,	1,	0,	0,	30,	0,	'en-us',	'12|36',	'Contact Us',	NULL,	'Contact/index',	'',	'',	'',	'',	'auto',	''),
(1272,	1263,	0,	1,	0,	1,	0,	0,	30,	0,	'zh-tw',	'12|36|1263',	'電子地圖',	NULL,	'map',	'',	'',	'',	'',	'one',	''),
(1273,	1271,	0,	1,	0,	1,	0,	0,	30,	0,	'en-us',	'12|36|1271',	'Map',	NULL,	'map',	'',	'',	'',	'',	'one',	''),
(1274,	19,	0,	1,	0,	1,	0,	0,	30,	4,	'zh-tw',	'12|19',	'新聞中心',	NULL,	'News/index',	'',	'',	'',	'',	'list',	''),
(1275,	1274,	0,	1,	0,	1,	0,	0,	30,	2,	'zh-tw',	'12|19|1274',	'最新活動',	NULL,	'',	'',	'',	'',	'',	'list',	''),
(1276,	1274,	0,	1,	0,	1,	0,	0,	30,	1,	'zh-tw',	'12|19|1274',	'公司新聞',	NULL,	'',	'',	'',	'',	'',	'list',	''),
(1277,	1274,	0,	1,	0,	1,	0,	0,	30,	1,	'zh-tw',	'12|19|1274',	'行業資訊',	NULL,	'',	'',	'',	'',	'',	'list',	''),
(1278,	19,	0,	1,	0,	1,	0,	0,	30,	0,	'en-us',	'12|19',	'News',	NULL,	'News/index',	'',	'',	'',	'',	'list',	''),
(1279,	1278,	0,	1,	0,	1,	0,	0,	30,	0,	'en-us',	'12|19|1278',	'Activities',	NULL,	'',	'',	'',	'',	'',	'list',	''),
(1280,	1278,	0,	1,	0,	1,	0,	0,	30,	0,	'en-us',	'12|19|1278',	'CompanyNews',	NULL,	'',	'',	'',	'',	'',	'list',	''),
(1281,	1278,	0,	1,	0,	1,	0,	0,	30,	0,	'en-us',	'12|19|1278',	'Industry',	NULL,	'',	'',	'',	'',	'',	'list',	''),
(1282,	20,	0,	1,	0,	1,	0,	0,	30,	10,	'zh-tw',	'12|20',	'產品中心',	NULL,	'Goods/index',	'',	'',	'',	'',	'list',	''),
(1283,	20,	0,	1,	0,	1,	0,	0,	30,	7,	'en-us',	'12|20',	'Products',	NULL,	'Goods/index',	'',	'',	'',	'',	'list',	''),
(1284,	22,	0,	1,	0,	1,	0,	0,	30,	0,	'zh-tw',	'12|22',	'添加網點',	NULL,	'Market/index',	'',	'',	'',	'',	'list',	''),
(1285,	22,	0,	1,	0,	1,	0,	0,	30,	0,	'en-us',	'12|22',	'Market',	NULL,	'Market/index',	'',	'',	'',	'',	'list',	''),
(1286,	27,	0,	1,	0,	1,	0,	0,	30,	1,	'zh-tw',	'12|27',	'人才招聘',	NULL,	'Job/index',	'',	'',	'',	'',	'list',	''),
(1287,	27,	0,	1,	0,	1,	0,	0,	30,	1,	'en-us',	'12|27',	'Recruitment',	NULL,	'Job/index',	'',	'',	'',	'',	'list',	''),
(1288,	21,	0,	1,	0,	1,	0,	0,	30,	0,	'en-us',	'12|21',	'Feedback',	NULL,	'Guestbook/view',	'',	'',	'',	'',	'list',	''),
(1289,	21,	0,	1,	0,	1,	0,	0,	30,	0,	'zh-tw',	'12|21',	'客戶留言',	NULL,	'Guestbook/view',	'',	'',	'',	'',	'list',	''),
(1290,	1289,	0,	1,	0,	1,	0,	0,	30,	0,	'zh-tw',	'12|21|1289',	'建議',	NULL,	'',	'',	'',	'',	'',	'list',	''),
(1291,	1289,	0,	1,	0,	1,	0,	0,	30,	0,	'zh-tw',	'12|21|1289',	'諮詢',	NULL,	'',	'',	'',	'',	'',	'list',	''),
(1292,	1289,	0,	1,	0,	1,	0,	0,	30,	0,	'zh-tw',	'12|21|1289',	'反饋',	NULL,	'',	'',	'',	'',	'',	'list',	''),
(1293,	1288,	0,	1,	0,	1,	0,	0,	30,	0,	'en-us',	'12|21|1288',	'Proposal',	NULL,	'',	'',	'',	'',	'',	'list',	''),
(1294,	1288,	0,	1,	0,	1,	0,	0,	30,	0,	'en-us',	'12|21|1288',	'Feedback',	NULL,	'',	'',	'',	'',	'',	'list',	''),
(1295,	1282,	0,	1,	0,	1,	0,	0,	30,	3,	'zh-tw',	'12|20|1282',	'繁-产品分类1',	NULL,	'',	'',	'',	NULL,	'',	'list',	''),
(1296,	1295,	0,	1,	0,	1,	0,	0,	30,	1,	'zh-tw',	'12|20|1282|1295',	'繁-产品分类11',	NULL,	'',	'',	'',	NULL,	'',	'list',	''),
(1297,	1282,	0,	1,	0,	1,	0,	0,	30,	3,	'zh-tw',	'12|20|1282',	'繁-产品分类2',	NULL,	'',	'',	'',	NULL,	'',	'list',	''),
(1298,	1297,	0,	1,	0,	1,	0,	0,	30,	0,	'zh-tw',	'12|20|1282|1297',	'繁-产品分类22',	NULL,	'',	'',	'',	NULL,	'',	'list',	''),
(1299,	1282,	0,	1,	0,	1,	0,	0,	30,	1,	'zh-tw',	'12|20|1282',	'繁-产品分类3',	NULL,	'',	'',	'',	NULL,	'',	'list',	''),
(1300,	1299,	0,	1,	0,	1,	0,	0,	30,	0,	'zh-tw',	'12|20|1282|1299',	'繁-产品分类33',	NULL,	'',	'',	'',	NULL,	'',	'list',	''),
(1301,	1283,	0,	1,	0,	1,	0,	0,	30,	1,	'en-us',	'12|20|1283',	'Product1',	NULL,	'',	'',	'',	NULL,	'',	'list',	''),
(1302,	1301,	0,	1,	0,	1,	0,	0,	30,	0,	'en-us',	'12|20|1283|1301',	'Product11',	NULL,	'',	'',	'',	NULL,	'',	'list',	''),
(1303,	1283,	0,	1,	0,	1,	0,	0,	30,	2,	'en-us',	'12|20|1283',	'Product2',	NULL,	'',	'',	'',	NULL,	'',	'list',	''),
(1304,	1283,	0,	1,	0,	1,	0,	0,	30,	1,	'en-us',	'12|20|1283',	'Product3',	NULL,	'',	'',	'',	NULL,	'',	'list',	''),
(1305,	1284,	615,	1,	0,	1,	0,	0,	30,	10,	'zh-tw',	'12|22|469',	'广东',	NULL,	'Guangdong',	'',	'',	NULL,	'',	'list',	''),
(1306,	1284,	618,	1,	0,	1,	0,	1,	30,	0,	'zh-tw',	'12|22|469',	'青海',	NULL,	'Qinghai',	'',	'',	NULL,	'',	'list',	''),
(1307,	1284,	619,	1,	0,	1,	0,	1,	30,	0,	'zh-tw',	'12|22|469',	'甘肃',	NULL,	'Gansu',	'',	'',	NULL,	'',	'list',	''),
(1308,	1284,	620,	1,	0,	1,	0,	1,	30,	0,	'zh-tw',	'12|22|469',	'内蒙古',	NULL,	'InnerMongolia',	'',	'',	NULL,	'',	'list',	''),
(1309,	1284,	621,	1,	0,	1,	0,	1,	30,	0,	'zh-tw',	'12|22|469',	'宁夏',	NULL,	'Ningxia',	'',	'',	NULL,	'',	'list',	''),
(1310,	1284,	622,	1,	0,	1,	0,	0,	30,	0,	'zh-tw',	'12|22|469',	'陕西',	NULL,	'Shanxi',	'',	'',	NULL,	'',	'list',	''),
(1311,	1284,	623,	1,	0,	1,	0,	0,	30,	0,	'zh-tw',	'12|22|469',	'山西',	NULL,	'Shanxi2',	'',	'',	NULL,	'',	'list',	''),
(1312,	1284,	624,	1,	0,	1,	0,	0,	30,	0,	'zh-tw',	'12|22|469',	'河北',	NULL,	'Hebei',	'',	'',	NULL,	'',	'list',	''),
(1313,	1284,	625,	1,	0,	1,	0,	0,	30,	4,	'zh-tw',	'12|22|469',	'北京',	NULL,	'Beijing',	'',	'',	NULL,	'',	'list',	''),
(1314,	1284,	626,	1,	0,	1,	0,	0,	30,	3,	'zh-tw',	'12|22|469',	'天津',	NULL,	'Tianjin',	'',	'',	NULL,	'',	'list',	''),
(1315,	1284,	627,	1,	0,	1,	0,	0,	30,	0,	'zh-tw',	'12|22|469',	'辽宁',	NULL,	'Liaoning',	'',	'',	NULL,	'',	'list',	''),
(1316,	1284,	628,	1,	0,	1,	0,	0,	30,	0,	'zh-tw',	'12|22|469',	'吉林',	NULL,	'Jilin',	'',	'',	NULL,	'',	'list',	''),
(1317,	1284,	629,	1,	0,	1,	0,	0,	30,	0,	'zh-tw',	'12|22|469',	'黑龙江',	NULL,	'Heilongjiang',	'',	'',	NULL,	'',	'list',	''),
(1318,	1284,	630,	1,	0,	1,	0,	0,	30,	0,	'zh-tw',	'12|22|469',	'山东',	NULL,	'Shandong',	'',	'',	NULL,	'',	'list',	''),
(1319,	1284,	631,	1,	0,	1,	0,	0,	30,	0,	'zh-tw',	'12|22|469',	'河南',	NULL,	'Henan',	'',	'',	NULL,	'',	'list',	''),
(1320,	1284,	632,	1,	0,	1,	0,	0,	30,	0,	'zh-tw',	'12|22|469',	'云南',	NULL,	'Yunnan',	'',	'',	NULL,	'',	'list',	''),
(1321,	1284,	633,	1,	0,	1,	0,	0,	30,	0,	'zh-tw',	'12|22|469',	'广西',	NULL,	'Guangxi',	'',	'',	NULL,	'',	'list',	''),
(1322,	1284,	634,	1,	0,	1,	0,	0,	30,	0,	'zh-tw',	'12|22|469',	'海南',	NULL,	'Hainan',	'',	'',	NULL,	'',	'list',	''),
(1323,	1284,	635,	1,	0,	1,	0,	0,	30,	0,	'zh-tw',	'12|22|469',	'湖南',	NULL,	'Hunan',	'',	'',	NULL,	'',	'list',	''),
(1324,	1284,	636,	1,	0,	1,	0,	0,	30,	3,	'zh-tw',	'12|22|469',	'重庆',	NULL,	'Chongqing',	'',	'',	NULL,	'',	'list',	''),
(1325,	1284,	637,	1,	0,	1,	0,	0,	30,	0,	'zh-tw',	'12|22|469',	'安徽',	NULL,	'Anhui',	'',	'',	NULL,	'',	'list',	''),
(1326,	1284,	638,	1,	0,	1,	0,	0,	30,	0,	'zh-tw',	'12|22|469',	'江苏',	NULL,	'Jiangsu',	'',	'',	NULL,	'',	'list',	''),
(1327,	1284,	639,	1,	0,	1,	0,	0,	30,	0,	'zh-tw',	'12|22|469',	'上海',	NULL,	'Shanghai',	'',	'',	NULL,	'',	'list',	''),
(1328,	1284,	640,	1,	0,	1,	0,	0,	30,	0,	'zh-tw',	'12|22|469',	'台湾',	NULL,	'Taiwan',	'',	'',	NULL,	'',	'list',	''),
(1329,	1284,	641,	1,	0,	1,	0,	0,	30,	0,	'zh-tw',	'12|22|469',	'贵州',	NULL,	'Guizhou',	'',	'',	NULL,	'',	'list',	''),
(1330,	1284,	642,	1,	0,	1,	0,	0,	30,	0,	'zh-tw',	'12|22|469',	'湖北',	NULL,	'Hubei',	'',	'',	NULL,	'',	'list',	''),
(1331,	1284,	643,	1,	0,	1,	0,	0,	30,	3,	'zh-tw',	'12|22|469',	'四川',	NULL,	'Sichuan',	'',	'',	NULL,	'',	'list',	''),
(1332,	1284,	644,	1,	0,	1,	0,	0,	30,	0,	'zh-tw',	'12|22|469',	'福建',	NULL,	'Fujian',	'',	'',	NULL,	'',	'list',	''),
(1333,	1284,	645,	1,	0,	1,	0,	0,	30,	0,	'zh-tw',	'12|22|469',	'江西',	NULL,	'Jiangxi',	'',	'',	NULL,	'',	'list',	''),
(1334,	1285,	615,	1,	0,	1,	0,	0,	30,	10,	'en-us',	'12|22|469',	'广东',	NULL,	'Guangdong',	'',	'',	NULL,	'',	'list',	''),
(1335,	1285,	618,	1,	0,	1,	0,	1,	30,	0,	'en-us',	'12|22|469',	'青海',	NULL,	'Qinghai',	'',	'',	NULL,	'',	'list',	''),
(1336,	1285,	619,	1,	0,	1,	0,	1,	30,	0,	'en-us',	'12|22|469',	'甘肃',	NULL,	'Gansu',	'',	'',	NULL,	'',	'list',	''),
(1337,	1285,	620,	1,	0,	1,	0,	1,	30,	0,	'en-us',	'12|22|469',	'内蒙古',	NULL,	'InnerMongolia',	'',	'',	NULL,	'',	'list',	''),
(1338,	1285,	621,	1,	0,	1,	0,	1,	30,	0,	'en-us',	'12|22|469',	'宁夏',	NULL,	'Ningxia',	'',	'',	NULL,	'',	'list',	''),
(1339,	1285,	622,	1,	0,	1,	0,	0,	30,	0,	'en-us',	'12|22|469',	'陕西',	NULL,	'Shanxi',	'',	'',	NULL,	'',	'list',	''),
(1340,	1285,	623,	1,	0,	1,	0,	0,	30,	0,	'en-us',	'12|22|469',	'山西',	NULL,	'Shanxi2',	'',	'',	NULL,	'',	'list',	''),
(1341,	1285,	624,	1,	0,	1,	0,	0,	30,	0,	'en-us',	'12|22|469',	'河北',	NULL,	'Hebei',	'',	'',	NULL,	'',	'list',	''),
(1342,	1285,	625,	1,	0,	1,	0,	0,	30,	4,	'en-us',	'12|22|469',	'北京',	NULL,	'Beijing',	'',	'',	NULL,	'',	'list',	''),
(1343,	1285,	626,	1,	0,	1,	0,	0,	30,	3,	'en-us',	'12|22|469',	'天津',	NULL,	'Tianjin',	'',	'',	NULL,	'',	'list',	''),
(1344,	1285,	627,	1,	0,	1,	0,	0,	30,	0,	'en-us',	'12|22|469',	'辽宁',	NULL,	'Liaoning',	'',	'',	NULL,	'',	'list',	''),
(1345,	1285,	628,	1,	0,	1,	0,	0,	30,	0,	'en-us',	'12|22|469',	'吉林',	NULL,	'Jilin',	'',	'',	NULL,	'',	'list',	''),
(1346,	1285,	629,	1,	0,	1,	0,	0,	30,	0,	'en-us',	'12|22|469',	'黑龙江',	NULL,	'Heilongjiang',	'',	'',	NULL,	'',	'list',	''),
(1347,	1285,	630,	1,	0,	1,	0,	0,	30,	0,	'en-us',	'12|22|469',	'山东',	NULL,	'Shandong',	'',	'',	NULL,	'',	'list',	''),
(1348,	1285,	631,	1,	0,	1,	0,	0,	30,	0,	'en-us',	'12|22|469',	'河南',	NULL,	'Henan',	'',	'',	NULL,	'',	'list',	''),
(1349,	1285,	632,	1,	0,	1,	0,	0,	30,	0,	'en-us',	'12|22|469',	'云南',	NULL,	'Yunnan',	'',	'',	NULL,	'',	'list',	''),
(1350,	1285,	633,	1,	0,	1,	0,	0,	30,	0,	'en-us',	'12|22|469',	'广西',	NULL,	'Guangxi',	'',	'',	NULL,	'',	'list',	''),
(1351,	1285,	634,	1,	0,	1,	0,	0,	30,	0,	'en-us',	'12|22|469',	'海南',	NULL,	'Hainan',	'',	'',	NULL,	'',	'list',	''),
(1352,	1285,	635,	1,	0,	1,	0,	0,	30,	0,	'en-us',	'12|22|469',	'湖南',	NULL,	'Hunan',	'',	'',	NULL,	'',	'list',	''),
(1353,	1285,	636,	1,	0,	1,	0,	0,	30,	3,	'en-us',	'12|22|469',	'重庆',	NULL,	'Chongqing',	'',	'',	NULL,	'',	'list',	''),
(1354,	1285,	637,	1,	0,	1,	0,	0,	30,	0,	'en-us',	'12|22|469',	'安徽',	NULL,	'Anhui',	'',	'',	NULL,	'',	'list',	''),
(1355,	1285,	638,	1,	0,	1,	0,	0,	30,	0,	'en-us',	'12|22|469',	'江苏',	NULL,	'Jiangsu',	'',	'',	NULL,	'',	'list',	''),
(1356,	1285,	639,	1,	0,	1,	0,	0,	30,	0,	'en-us',	'12|22|469',	'上海',	NULL,	'Shanghai',	'',	'',	NULL,	'',	'list',	''),
(1357,	1285,	640,	1,	0,	1,	0,	0,	30,	0,	'en-us',	'12|22|469',	'台湾',	NULL,	'Taiwan',	'',	'',	NULL,	'',	'list',	''),
(1358,	1285,	641,	1,	0,	1,	0,	0,	30,	0,	'en-us',	'12|22|469',	'贵州',	NULL,	'Guizhou',	'',	'',	NULL,	'',	'list',	''),
(1359,	1285,	642,	1,	0,	1,	0,	0,	30,	0,	'en-us',	'12|22|469',	'湖北',	NULL,	'Hubei',	'',	'',	NULL,	'',	'list',	''),
(1360,	1285,	643,	1,	0,	1,	0,	0,	30,	3,	'en-us',	'12|22|469',	'四川',	NULL,	'Sichuan',	'',	'',	NULL,	'',	'list',	''),
(1361,	1285,	644,	1,	0,	1,	0,	0,	30,	0,	'en-us',	'12|22|469',	'福建',	NULL,	'Fujian',	'',	'',	NULL,	'',	'list',	''),
(1362,	1285,	645,	1,	0,	1,	0,	0,	30,	0,	'en-us',	'12|22|469',	'江西',	NULL,	'Jiangxi',	'',	'',	NULL,	'',	'list',	''),
(1363,	23,	0,	1,	0,	1,	0,	0,	30,	1,	'zh-tw',	'12|23',	'首頁多圖片切換',	NULL,	'index/adList',	'',	'',	'',	'',	'list',	''),
(1364,	23,	0,	1,	0,	1,	0,	0,	30,	1,	'zh-tw',	'12|23',	'內頁圖片廣告',	NULL,	'Inside/ad',	'',	'',	'',	'',	'list',	''),
(1365,	23,	0,	1,	0,	1,	0,	0,	30,	0,	'en-us',	'12|23',	'Inside ads',	NULL,	'Inside/ad',	'',	'',	'',	'',	'list',	''),
(1366,	1365,	0,	1,	0,	1,	0,	0,	30,	0,	'en-us',	'12|23|1365',	'Adlist',	NULL,	'index/adList',	'',	'',	'',	'',	'list',	''),
(1367,	469,	0,	1,	0,	1,	0,	0,	30,	0,	'zh-cn',	'12|22|469',	'新疆',	NULL,	'Xinjiang',	'',	'',	'',	'',	'list',	''),
(1368,	469,	0,	1,	0,	1,	0,	0,	30,	0,	'zh-cn',	'12|22|469',	'西藏',	NULL,	'Tibet',	'',	'',	'',	'',	'list',	''),
(1369,	469,	0,	1,	0,	1,	0,	0,	30,	0,	'zh-cn',	'12|22|469',	'浙江',	NULL,	'Zhejiang',	'',	'',	'',	'',	'list',	''),
(1370,	1161,	0,	1,	0,	1,	0,	0,	30,	10,	'zh-cn',	'12|20|1161',	'主打产品',	NULL,	'',	'',	'',	NULL,	'',	'list',	'');


INSERT INTO `y_domain` (`id`, `target`, `domain_name`, `remark`) VALUES
(1,	'手机',	'ASD',	'ASDASD');


INSERT INTO `y_goods` (`id`, `category_id`, `my_id`, `is_publish`, `is_comment`, `is_top`, `is_home`, `ordernum`, `update_time`, `create_time`, `lang`, `title`, `tag`, `image`, `imgwidth`, `imgheight`, `summary`, `seo_title`, `seo_keywords`, `seo_description`, `content`, `click_count`) VALUES
(1,	1252,	0,	1,	0,	0,	0,	999,	1351094400,	1351094400,	'zh-cn',	'LED筒灯sp320',	'',	'5088f470d6d09.jpg',	'300',	'300',	'LED不含有害环境之元素，废弃物可回收，没有污染；不像荧光灯含有汞成分。LED环保节能，国家大力提倡的照明技术，已应用到鸟巢、水立方，为北京绿色奥运张灯结彩。',	'',	'舞台照射, 工程建筑, 展品演示, 工艺照明, 特殊效果照明/普通照明使用,博览馆照明，家庭照明',	'舞台照射, 工程建筑, 展品演示, 工艺照明, 特殊效果照明/普通照明使用,博览馆照明，家庭照明',	'&lt;p&gt;产品型号:&amp;nbsp;HR-SP320&lt;/p&gt;&lt;p&gt;&lt;br /&gt;&lt;/p&gt;&lt;p&gt;产品产地:&amp;nbsp;广东惠州&lt;/p&gt;&lt;p&gt;&lt;br /&gt;&lt;/p&gt;&lt;p&gt;产品关键字:&amp;nbsp;LED天花灯&amp;nbsp;&lt;/p&gt;&lt;p&gt;&lt;br /&gt;&lt;/p&gt;&lt;p&gt;产品描述:&amp;nbsp;一、产&amp;nbsp;品&amp;nbsp;特&amp;nbsp;点&lt;/p&gt;&lt;p&gt;&lt;br /&gt;&lt;/p&gt;&lt;p&gt;1.能量转化率非常高。&lt;/p&gt;&lt;p&gt;&lt;br /&gt;&lt;/p&gt;&lt;p&gt;2.达到50%以上的节能效果。&lt;/p&gt;&lt;p&gt;&lt;br /&gt;&lt;/p&gt;&lt;p&gt;3.比白炽灯节电90%。&lt;/p&gt;&lt;p&gt;&lt;br /&gt;&lt;/p&gt;&lt;p&gt;4.折射率低，引导光线闪射。&lt;/p&gt;&lt;p&gt;&lt;br /&gt;&lt;/p&gt;&lt;p&gt;5.低温工作，不易损坏。&lt;/p&gt;&lt;p&gt;&lt;br /&gt;&lt;/p&gt;&lt;p&gt;6.加大发光照射角度。&lt;/p&gt;&lt;p&gt;&lt;br /&gt;&lt;/p&gt;&lt;p&gt;7.绿色环保，无有害物质。&amp;nbsp;&lt;/p&gt;&lt;p&gt;&lt;br /&gt;&lt;/p&gt;&lt;p&gt;8.颜色：红、黄、蓝、绿、白、暧白可选；&lt;/p&gt;&lt;p&gt;&lt;br /&gt;&lt;/p&gt;&lt;p&gt;9.灯座：GU10、MR16、E27、E14可选。&lt;/p&gt;&lt;p&gt;&lt;br /&gt;&lt;/p&gt;&lt;p&gt;10．LED不含有害环境之元素，废弃物可回收，没有污染；不像荧光灯含有汞成分。LED环保节能，国家大力提倡的照明技术，已应用到鸟巢、水立方，为北京绿色奥运张灯结彩。&lt;/p&gt;&lt;p&gt;&lt;br /&gt;&lt;/p&gt;&lt;p&gt;二、产品规格：&lt;/p&gt;&lt;p&gt;&lt;br /&gt;&lt;/p&gt;&lt;p&gt;1）灯座：E27，GU10&lt;/p&gt;&lt;p&gt;&lt;br /&gt;&lt;/p&gt;&lt;p&gt;2）光源：3&amp;nbsp;*&amp;nbsp;1W的5&amp;nbsp;*&amp;nbsp;1W大功率发光二极管&lt;/p&gt;&lt;p&gt;&lt;br /&gt;&lt;/p&gt;&lt;p&gt;3）输入电压：AC85-&amp;nbsp;265伏&lt;/p&gt;&lt;p&gt;&lt;br /&gt;&lt;/p&gt;&lt;p&gt;4）输出流明:240&amp;nbsp;-&amp;nbsp;270lm&lt;/p&gt;&lt;p&gt;&lt;br /&gt;&lt;/p&gt;&lt;p&gt;5）LED电流限制器：350mA的&lt;/p&gt;&lt;p&gt;&lt;br /&gt;&lt;/p&gt;&lt;p&gt;6）工作温度：-20℃-55℃&lt;/p&gt;&lt;p&gt;&lt;br /&gt;&lt;/p&gt;&lt;p&gt;7）颜色色温：6000K&lt;/p&gt;&lt;p&gt;&lt;br /&gt;&lt;/p&gt;&lt;p&gt;8）工作寿命：50000小时&lt;/p&gt;&lt;p&gt;&lt;br /&gt;&lt;/p&gt;&lt;p&gt;9）光束角度：15&amp;nbsp;°&amp;nbsp;-45&amp;nbsp;°&lt;/p&gt;&lt;p&gt;&lt;br /&gt;&lt;/p&gt;&lt;p&gt;10）适用于室内使用&lt;/p&gt;&lt;p&gt;&lt;br /&gt;&lt;/p&gt;&lt;p&gt;11）适用于住宅及商业照明，特别是在商店感光物体照明窗&lt;/p&gt;&lt;p&gt;&lt;br /&gt;&lt;/p&gt;&lt;p&gt;三、&amp;nbsp;LED射灯适用范围:&lt;/p&gt;&lt;p&gt;&lt;br /&gt;&lt;/p&gt;&lt;p&gt;舞台照射,&amp;nbsp;工程建筑,&amp;nbsp;展品演示,&amp;nbsp;工艺照明,&amp;nbsp;特殊效果照明/普通照明使用,博览馆照明，家庭照明&lt;/p&gt;&lt;p&gt;&lt;br /&gt;&lt;/p&gt;',	0),
(2,	1253,	0,	1,	0,	0,	0,	999,	1351094400,	1351094400,	'mobile',	'LED筒灯sp320',	'',	'5088f470d6d09.jpg',	'300',	'300',	'LED不含有害环境之元素，废弃物可回收，没有污染；不像荧光灯含有汞成分。LED环保节能，国家大力提倡的照明技术，已应用到鸟巢、水立方，为北京绿色奥运张灯结彩。',	'',	'舞台照射, 工程建筑, 展品演示, 工艺照明, 特殊效果照明/普通照明使用,博览馆照明，家庭照明',	'舞台照射, 工程建筑, 展品演示, 工艺照明, 特殊效果照明/普通照明使用,博览馆照明，家庭照明',	'&lt;p&gt;&lt;span style=&quot;white-space:nowrap;&quot;&gt;产品型号:&amp;nbsp;HR-SP320&lt;/span&gt;&lt;/p&gt;&lt;p&gt;&lt;span style=&quot;white-space:nowrap;&quot;&gt;产品产地:&amp;nbsp;广东惠州&lt;/span&gt;&lt;/p&gt;&lt;p&gt;&lt;span style=&quot;white-space:nowrap;&quot;&gt;产品关键字:&amp;nbsp;LED天花灯&amp;nbsp;&lt;/span&gt;&lt;/p&gt;&lt;p&gt;&lt;span style=&quot;white-space:nowrap;&quot;&gt;产品描述:&amp;nbsp;一、产&amp;nbsp;品&amp;nbsp;特&amp;nbsp;点&lt;/span&gt;&lt;/p&gt;&lt;p&gt;&lt;span style=&quot;white-space:nowrap;&quot;&gt;1.能量转化率非常高。&lt;/span&gt;&lt;/p&gt;&lt;p&gt;&lt;span style=&quot;white-space:nowrap;&quot;&gt;2.达到50%以上的节能效果。&lt;/span&gt;&lt;/p&gt;&lt;p&gt;&lt;span style=&quot;white-space:nowrap;&quot;&gt;3.比白炽灯节电90%。&lt;/span&gt;&lt;/p&gt;&lt;p&gt;&lt;span style=&quot;white-space:nowrap;&quot;&gt;4.折射率低，引导光线闪射。&lt;/span&gt;&lt;/p&gt;&lt;p&gt;&lt;span style=&quot;white-space:nowrap;&quot;&gt;5.低温工作，不易损坏。&lt;/span&gt;&lt;/p&gt;&lt;p&gt;&lt;span style=&quot;white-space:nowrap;&quot;&gt;6.加大发光照射角度。&lt;/span&gt;&lt;/p&gt;&lt;p&gt;&lt;span style=&quot;white-space:nowrap;&quot;&gt;7.绿色环保，无有害物质。&amp;nbsp;&lt;/span&gt;&lt;/p&gt;&lt;p&gt;&lt;span style=&quot;white-space:nowrap;&quot;&gt;8.颜色：红、黄、蓝、绿、白、暧白可选；&lt;/span&gt;&lt;/p&gt;&lt;p&gt;&lt;span style=&quot;white-space:nowrap;&quot;&gt;9.灯座：GU10、MR16、E27、E14可选。&lt;/span&gt;&lt;/p&gt;&lt;p&gt;&lt;span style=&quot;white-space:nowrap;&quot;&gt;10．LED不含有害环境之元素，废弃物可回收，没有污染；不像荧光灯含有汞成分。LED环保节能，国家大力提倡的照明技术，已应用到鸟巢、水立方，为北京绿色奥运张灯结彩。&lt;/span&gt;&lt;/p&gt;&lt;p&gt;&lt;span style=&quot;white-space:nowrap;&quot;&gt;二、产品规格：&lt;/span&gt;&lt;/p&gt;&lt;p&gt;&lt;span style=&quot;white-space:nowrap;&quot;&gt;1）灯座：E27，GU10&lt;/span&gt;&lt;/p&gt;&lt;p&gt;&lt;span style=&quot;white-space:nowrap;&quot;&gt;2）光源：3&amp;nbsp;*&amp;nbsp;1W的5&amp;nbsp;*&amp;nbsp;1W大功率发光二极管&lt;/span&gt;&lt;/p&gt;&lt;p&gt;&lt;span style=&quot;white-space:nowrap;&quot;&gt;3）输入电压：AC85-&amp;nbsp;265伏&lt;/span&gt;&lt;/p&gt;&lt;p&gt;&lt;span style=&quot;white-space:nowrap;&quot;&gt;4）输出流明:240&amp;nbsp;-&amp;nbsp;270lm&lt;/span&gt;&lt;/p&gt;&lt;p&gt;&lt;span style=&quot;white-space:nowrap;&quot;&gt;5）LED电流限制器：350mA的&lt;/span&gt;&lt;/p&gt;&lt;p&gt;&lt;span style=&quot;white-space:nowrap;&quot;&gt;6）工作温度：-20℃-55℃&lt;/span&gt;&lt;/p&gt;&lt;p&gt;&lt;span style=&quot;white-space:nowrap;&quot;&gt;7）颜色色温：6000K&lt;/span&gt;&lt;/p&gt;&lt;p&gt;&lt;span style=&quot;white-space:nowrap;&quot;&gt;8）工作寿命：50000小时&lt;/span&gt;&lt;/p&gt;&lt;p&gt;&lt;span style=&quot;white-space:nowrap;&quot;&gt;9）光束角度：15&amp;nbsp;°&amp;nbsp;-45&amp;nbsp;°&lt;/span&gt;&lt;/p&gt;&lt;p&gt;&lt;span style=&quot;white-space:nowrap;&quot;&gt;10）适用于室内使用&lt;/span&gt;&lt;/p&gt;&lt;p&gt;&lt;span style=&quot;white-space:nowrap;&quot;&gt;11）适用于住宅及商业照明，特别是在商店感光物体照明窗&lt;/span&gt;&lt;/p&gt;&lt;p&gt;&lt;span style=&quot;white-space:nowrap;&quot;&gt;三、&amp;nbsp;LED射灯适用范围:&lt;/span&gt;&lt;/p&gt;&lt;p&gt;&lt;span style=&quot;white-space:nowrap;&quot;&gt;舞台照射,&amp;nbsp;工程建筑,&amp;nbsp;展品演示,&amp;nbsp;工艺照明,&amp;nbsp;特殊效果照明/普通照明使用,博览馆照明，家庭照明&lt;/span&gt;&lt;/p&gt;&lt;p&gt;&lt;br /&gt;&lt;/p&gt;',	0),
(4,	1252,	0,	1,	0,	0,	0,	999,	1351094400,	1351094400,	'zh-cn',	'led天花灯（BS-TH3）',	'',	'5088f5920ee42.jpg',	'300',	'300',	'发光颜色：W/R/G/B可选，输入电压：AC85-260V/50-60Hz 。',	'led天花灯（BS-TH3）',	'',	'',	'&lt;p&gt;&lt;span style=&quot;white-space:nowrap;&quot;&gt;产品型号：BS-TH3-Yd&amp;nbsp;&lt;/span&gt;&lt;/p&gt;&lt;p&gt;&lt;span style=&quot;white-space:nowrap;&quot;&gt;产品尺寸：90*45&amp;nbsp;mm&amp;nbsp;&lt;/span&gt;&lt;/p&gt;&lt;p&gt;&lt;span style=&quot;white-space:nowrap;&quot;&gt;开孔尺寸：76&amp;nbsp;mm&amp;nbsp;&lt;/span&gt;&lt;/p&gt;&lt;p&gt;&lt;span style=&quot;white-space:nowrap;&quot;&gt;输入电压：AC85-260V/50-60Hz&amp;nbsp;&lt;/span&gt;&lt;/p&gt;&lt;p&gt;&lt;span style=&quot;white-space:nowrap;&quot;&gt;功率：3*1W&amp;nbsp;&lt;/span&gt;&lt;/p&gt;&lt;p&gt;&lt;span style=&quot;white-space:nowrap;&quot;&gt;光通量：300-330&amp;nbsp;Lm&amp;nbsp;&lt;/span&gt;&lt;/p&gt;&lt;p&gt;&lt;span style=&quot;white-space:nowrap;&quot;&gt;色温：2700-7000&amp;nbsp;K&amp;nbsp;&lt;/span&gt;&lt;/p&gt;&lt;p&gt;&lt;span style=&quot;white-space:nowrap;&quot;&gt;发光颜色：W/R/G/B可选&amp;nbsp;&lt;/span&gt;&lt;/p&gt;&lt;p&gt;&lt;span style=&quot;white-space:nowrap;&quot;&gt;&lt;br /&gt;&lt;/span&gt;&lt;/p&gt;&lt;p&gt;&lt;span style=&quot;white-space:nowrap;&quot;&gt;显色指数：70&amp;nbsp;&lt;/span&gt;&lt;/p&gt;&lt;p&gt;&lt;span style=&quot;white-space:nowrap;&quot;&gt;寿命：＞50000&amp;nbsp;H&amp;nbsp;&lt;/span&gt;&lt;/p&gt;&lt;p&gt;&lt;span style=&quot;white-space:nowrap;&quot;&gt;净重：182.5&amp;nbsp;g&lt;/span&gt;&lt;/p&gt;',	0),
(5,	1250,	0,	1,	0,	0,	0,	999,	1351094400,	1351094400,	'zh-cn',	'LED球泡灯（SC-QP06）',	'',	'5088f75104d66.jpg',	'300',	'300',	'橱柜照明家庭，餐馆，厨房或任何一处需要照明的地方,商店商场陈列照明，广场招牌或广告牌背面照明',	'',	'',	'',	'&lt;p&gt;&lt;span style=&quot;white-space:nowrap;&quot;&gt;产品特性：&amp;nbsp;&lt;/span&gt;&lt;/p&gt;&lt;p&gt;&lt;span style=&quot;white-space:nowrap;&quot;&gt;超强的节能性，可代替50-60瓦的白炽灯/卤素灯&amp;nbsp;&lt;/span&gt;&lt;/p&gt;&lt;p&gt;&lt;span style=&quot;white-space:nowrap;&quot;&gt;专业铝合金材质设计，散热性好&amp;nbsp;&lt;/span&gt;&lt;/p&gt;&lt;p&gt;&lt;span style=&quot;white-space:nowrap;&quot;&gt;防眩光，不伤眼&amp;nbsp;&lt;/span&gt;&lt;/p&gt;&lt;p&gt;&lt;span style=&quot;white-space:nowrap;&quot;&gt;隔离电路设计，安全可靠&amp;nbsp;&lt;/span&gt;&lt;/p&gt;&lt;p&gt;&lt;span style=&quot;white-space:nowrap;&quot;&gt;造型稳定，快速开启&amp;nbsp;&lt;/span&gt;&lt;/p&gt;&lt;p&gt;&lt;span style=&quot;white-space:nowrap;&quot;&gt;不含汞，更少的二氧化碳排放，绿色环保&amp;nbsp;&lt;/span&gt;&lt;/p&gt;&lt;p&gt;&lt;span style=&quot;white-space:nowrap;&quot;&gt;无紫外线和红外线&amp;nbsp;&lt;/span&gt;&lt;/p&gt;&lt;p&gt;&lt;span style=&quot;white-space:nowrap;&quot;&gt;更好的光热处理，无热损伤&amp;nbsp;&lt;/span&gt;&lt;/p&gt;&lt;p&gt;&lt;span style=&quot;white-space:nowrap;&quot;&gt;容易安装&amp;nbsp;&lt;/span&gt;&lt;/p&gt;&lt;p&gt;&lt;span style=&quot;white-space:nowrap;&quot;&gt;低维护成本，高使用效率&amp;nbsp;&lt;/span&gt;&lt;/p&gt;&lt;p&gt;&lt;span style=&quot;white-space:nowrap;&quot;&gt;质保：三年&amp;nbsp;&lt;/span&gt;&lt;/p&gt;&lt;p&gt;&lt;span style=&quot;white-space:nowrap;&quot;&gt;使用寿命：40000小时&amp;nbsp;&lt;/span&gt;&lt;/p&gt;&lt;p&gt;&lt;span style=&quot;white-space:nowrap;&quot;&gt;插头类型：E26/E27&amp;nbsp;&lt;/span&gt;&lt;/p&gt;&lt;p&gt;&lt;span style=&quot;white-space:nowrap;&quot;&gt;LED光源：4050SMD&amp;nbsp;LED&amp;nbsp;20片&amp;nbsp;&lt;/span&gt;&lt;/p&gt;&lt;p&gt;&lt;span style=&quot;white-space:nowrap;&quot;&gt;色温：正白&amp;nbsp;6020-7050K；暖白：2870-3220K&amp;nbsp;&lt;/span&gt;&lt;/p&gt;&lt;p&gt;&lt;span style=&quot;white-space:nowrap;&quot;&gt;认证：CE&amp;nbsp;RoHS&amp;nbsp;UL&amp;nbsp;&lt;/span&gt;&lt;/p&gt;&lt;p&gt;&lt;span style=&quot;white-space:nowrap;&quot;&gt;工作电压：AC&amp;nbsp;100-240V，50/60Hz&amp;nbsp;&lt;/span&gt;&lt;/p&gt;&lt;p&gt;&lt;span style=&quot;white-space:nowrap;&quot;&gt;产品应用：&amp;nbsp;&lt;/span&gt;&lt;/p&gt;&lt;p&gt;&lt;span style=&quot;white-space:nowrap;&quot;&gt;家居，办公，餐馆，酒店，商场，公车，火车，工作室，停车场等，照明衣柜，橱柜照明家庭，餐馆，厨房或任何一处需要照明的地方,商店商场陈列照明，广场招牌或广告牌背面照明&lt;/span&gt;&lt;/p&gt;&lt;p&gt;&lt;br /&gt;&lt;/p&gt;',	0),
(3,	1252,	0,	1,	0,	0,	0,	999,	1351094400,	1351094400,	'zh-cn',	'LED筒灯(银)',	'',	'5088f4ee7b641.jpg',	'300',	'300',	'规格：可定制、商标：比速光电、用途：室内照明',	'',	'',	'',	'&lt;p&gt;&lt;span style=&quot;white-space:nowrap;&quot;&gt;包装：可商定&lt;/span&gt;&lt;/p&gt;&lt;p&gt;&lt;span style=&quot;white-space:nowrap;&quot;&gt;型号：BS-TD&lt;/span&gt;&lt;/p&gt;&lt;p&gt;&lt;span style=&quot;white-space:nowrap;&quot;&gt;规格：可定制&lt;/span&gt;&lt;/p&gt;&lt;p&gt;&lt;span style=&quot;white-space:nowrap;&quot;&gt;产量：10000台/月&lt;/span&gt;&lt;/p&gt;&lt;p&gt;&lt;span style=&quot;white-space:nowrap;&quot;&gt;商标：比速光电&lt;/span&gt;&lt;/p&gt;&lt;p&gt;&lt;span style=&quot;white-space:nowrap;&quot;&gt;用途：室内照明&lt;/span&gt;&lt;/p&gt;&lt;p&gt;&lt;span style=&quot;white-space:nowrap;&quot;&gt;寿命：50,000h&lt;/span&gt;&lt;/p&gt;&lt;p&gt;&lt;span style=&quot;white-space:nowrap;&quot;&gt;输入电压：85-265V&lt;/span&gt;&lt;/p&gt;&lt;p&gt;&lt;span style=&quot;white-space:nowrap;&quot;&gt;发光颜色：W/R/G/B&lt;/span&gt;&lt;/p&gt;&lt;p&gt;&lt;span style=&quot;white-space:nowrap;&quot;&gt;电流类型：AC&lt;/span&gt;&lt;/p&gt;&lt;p&gt;&lt;span style=&quot;white-space:nowrap;&quot;&gt;色温值：2700-7000&amp;nbsp;K&lt;/span&gt;&lt;/p&gt;&lt;p&gt;&lt;span style=&quot;white-space:nowrap;&quot;&gt;显色指数：75&lt;/span&gt;&lt;/p&gt;',	0),
(6,	1251,	0,	1,	0,	0,	0,	999,	1351094400,	1351094400,	'mobile',	'LED球泡灯（q12）',	'',	'5088f807bd65f.jpg',	'300',	'300',	'由于光谱中没有紫外线和红外线，故没有热量，没有辐射，LED属于典型的绿色照明光源。',	'',	'',	'',	'&lt;p&gt;&lt;span style=&quot;white-space:nowrap;&quot;&gt;LED球泡的特点：&amp;nbsp;&lt;/span&gt;&lt;/p&gt;&lt;p&gt;&lt;span style=&quot;white-space:nowrap;&quot;&gt;①效率高，能耗小。&amp;nbsp;&lt;/span&gt;&lt;/p&gt;&lt;p&gt;&lt;span style=&quot;white-space:nowrap;&quot;&gt;②光线质量好。由于光谱中没有紫外线和红外线，故没有热量，没有辐射，LED属于典型的绿色照明光源。&amp;nbsp;&lt;/span&gt;&lt;/p&gt;&lt;p&gt;&lt;span style=&quot;white-space:nowrap;&quot;&gt;③寿命长。光通量衰减到50％的标称寿命10万小时。&amp;nbsp;&lt;/span&gt;&lt;/p&gt;&lt;p&gt;&lt;span style=&quot;white-space:nowrap;&quot;&gt;④使用安全。单体工作电压大致在1.5V～5V之间，工作电流在20mA左右。&amp;nbsp;&lt;/span&gt;&lt;/p&gt;&lt;p&gt;&lt;span style=&quot;white-space:nowrap;&quot;&gt;⑤绿色环保。废弃物可回收，没有污染；不像荧光灯含有汞成分。&amp;nbsp;&lt;/span&gt;&lt;/p&gt;&lt;p&gt;&lt;span style=&quot;white-space:nowrap;&quot;&gt;⑥控制灵活。通过调整电流可以调光，不同光色的组合可以调色，加上时序控制电路可以达到多样的动态变化效果。&amp;nbsp;&lt;/span&gt;&lt;/p&gt;&lt;p&gt;&lt;br /&gt;&lt;/p&gt;',	0),
(7,	1250,	0,	1,	0,	0,	0,	999,	1351094400,	1351094400,	'zh-cn',	'LED球泡灯（9W）',	'',	'5088f7be87d47.jpg',	'300',	'300',	'光线质量好。由于光谱中没有紫外线和红外线，故没有热量，没有辐射，LED属于典型的绿色照明光源。',	'',	'',	'',	'&lt;p&gt;&lt;span style=&quot;white-space:nowrap;&quot;&gt;LED球泡的特点：&amp;nbsp;&lt;/span&gt;&lt;/p&gt;&lt;p&gt;&lt;span style=&quot;white-space:nowrap;&quot;&gt;①效率高，能耗小。&amp;nbsp;&lt;/span&gt;&lt;/p&gt;&lt;p&gt;&lt;span style=&quot;white-space:nowrap;&quot;&gt;②光线质量好。由于光谱中没有紫外线和红外线，故没有热量，没有辐射，LED属于典型的绿色照明光源。&amp;nbsp;&lt;/span&gt;&lt;/p&gt;&lt;p&gt;&lt;span style=&quot;white-space:nowrap;&quot;&gt;③寿命长。光通量衰减到50％的标称寿命10万小时。&amp;nbsp;&lt;/span&gt;&lt;/p&gt;&lt;p&gt;&lt;span style=&quot;white-space:nowrap;&quot;&gt;④使用安全。单体工作电压大致在1.5V～5V之间，工作电流在20mA左右。&amp;nbsp;&lt;/span&gt;&lt;/p&gt;&lt;p&gt;&lt;span style=&quot;white-space:nowrap;&quot;&gt;⑤绿色环保。废弃物可回收，没有污染；不像荧光灯含有汞成分。&amp;nbsp;&lt;/span&gt;&lt;/p&gt;&lt;p&gt;&lt;span style=&quot;white-space:nowrap;&quot;&gt;⑥控制灵活。通过调整电流可以调光，不同光色的组合可以调色，加上时序控制电路可以达到多样的动态变化效果。&amp;nbsp;&lt;/span&gt;&lt;/p&gt;&lt;p&gt;&lt;br /&gt;&lt;/p&gt;',	0),
(11,	1249,	0,	1,	0,	0,	0,	999,	1351094400,	1351094400,	'mobile',	'LED日光管（XLY-T820601-W）',	'',	'5088f9efc46b0.jpg',	'300',	'300',	'恒流驱动，高功率，高亮度，8W的LED日光灯相当于20W普通日光灯照度',	'',	'',	'',	'&lt;p&gt;&lt;span style=&quot;white-space:nowrap;&quot;&gt;产品特性&amp;nbsp;&lt;/span&gt;&lt;/p&gt;&lt;p&gt;&lt;span style=&quot;white-space:nowrap;&quot;&gt;1.节能高效：恒流驱动，高功率，高亮度，8W的LED日光灯相当于20W普通日光灯照度，15W的LED日光灯相当于40W普通日光灯照度，相同照明效率比传统日光灯节电80%。&amp;nbsp;&lt;/span&gt;&lt;/p&gt;&lt;p&gt;&lt;span style=&quot;white-space:nowrap;&quot;&gt;2.光线健康：无紫外线、红外光辐射；无闪烁，光线柔和纯正，有交缓解视觉疲劳和保护眼睛。&amp;nbsp;&lt;/span&gt;&lt;/p&gt;&lt;p&gt;&lt;span style=&quot;white-space:nowrap;&quot;&gt;3.超长寿命：独特的铝合金散热设计工艺有效降低了LED光衰，使用寿命3万个小时以上，无频繁开关损坏，是传统日光灯寿命的10倍。&amp;nbsp;&lt;/span&gt;&lt;/p&gt;&lt;p&gt;&lt;span style=&quot;white-space:nowrap;&quot;&gt;4.可靠耐用：外壳采用PC材质，不易破碎。&amp;nbsp;&lt;/span&gt;&lt;/p&gt;&lt;p&gt;&lt;span style=&quot;white-space:nowrap;&quot;&gt;5.使用方便：普通常用接口，使用方便安全。&amp;nbsp;&lt;/span&gt;&lt;/p&gt;&lt;p&gt;&lt;br /&gt;&lt;/p&gt;',	0),
(15,	1255,	0,	1,	0,	0,	0,	999,	1351094400,	1351094400,	'mobile',	'LED天花灯（3W）',	'',	'5088fb81e89a7.jpg',	'300',	'300',	'节约90%电费！LED天花灯1000小时仅耗1度电，普通节能灯100小时耗1度电，普通白炽灯17小时耗1度电。',	'',	'',	'',	'&lt;p&gt;灯具优点：LED天花灯选用优质高纯度铝材制作而成。使用先进的阳极氧化处理技术，使灯具更加美观耐用，结构简洁、明了，安装简易方便，性价比高。&amp;nbsp;&lt;br /&gt;&lt;/p&gt;&lt;p&gt;&lt;span style=&quot;white-space:nowrap;&quot;&gt;超级节能：节约90%电费！LED天花灯1000小时仅耗1度电，普通节能灯100小时耗1度电，普通白炽灯17小时耗1度电。&amp;nbsp;&lt;/span&gt;&lt;/p&gt;&lt;p&gt;&lt;span style=&quot;white-space:nowrap;&quot;&gt;超长寿命：正常使用寿命可达5万小时，是普通白炽灯、卤素灯的10倍！&amp;nbsp;&lt;/span&gt;&lt;/p&gt;&lt;p&gt;&lt;span style=&quot;white-space:nowrap;&quot;&gt;超低发热：LED灯杯温度在45度左右，卤素灯发热极高，长时间点亮时，温度可达70度！&amp;nbsp;&lt;/span&gt;&lt;/p&gt;&lt;p&gt;&lt;span style=&quot;white-space:nowrap;&quot;&gt;超级环保：无辐射、无频闪、无紫外线、无电磁波，启动速度快！&amp;nbsp;&lt;/span&gt;&lt;/p&gt;&lt;p&gt;&lt;br /&gt;&lt;/p&gt;',	0),
(17,	1255,	0,	1,	0,	0,	0,	999,	1351094400,	1351094400,	'mobile',	'LED天花灯（18*1W）',	'',	'5088fc2000653.jpg',	'300',	'300',	'材质：铝合金、色温：暖白，正白，冷白',	'',	'',	'',	'&lt;p&gt;&lt;span style=&quot;white-space:nowrap;&quot;&gt;描述&lt;/span&gt;&lt;/p&gt;&lt;p&gt;&lt;span style=&quot;white-space:nowrap;&quot;&gt;材质：铝合金&amp;nbsp;&lt;/span&gt;&lt;/p&gt;&lt;p&gt;&lt;span style=&quot;white-space:nowrap;&quot;&gt;色温：暖白，正白，冷白&amp;nbsp;&lt;/span&gt;&lt;/p&gt;&lt;p&gt;&lt;span style=&quot;white-space:nowrap;&quot;&gt;电压：AC&amp;nbsp;85-264V50/60Hz&amp;nbsp;&lt;/span&gt;&lt;/p&gt;&lt;p&gt;&lt;span style=&quot;white-space:nowrap;&quot;&gt;产品型号：YC-DO1009&amp;nbsp;&lt;/span&gt;&lt;/p&gt;&lt;p&gt;&lt;span style=&quot;white-space:nowrap;&quot;&gt;规格尺寸：φ160×120（mm）&amp;nbsp;&lt;/span&gt;&lt;/p&gt;&lt;p&gt;&lt;span style=&quot;white-space:nowrap;&quot;&gt;开孔尺寸：φ145（mm）&amp;nbsp;&lt;/span&gt;&lt;/p&gt;&lt;p&gt;&lt;span style=&quot;white-space:nowrap;&quot;&gt;功率：18×1（W）&amp;nbsp;&lt;/span&gt;&lt;/p&gt;&lt;p&gt;&lt;span style=&quot;white-space:nowrap;&quot;&gt;初始光通量：1260~1620（lm）&lt;/span&gt;&lt;/p&gt;&lt;p&gt;&lt;span style=&quot;white-space:nowrap;&quot;&gt;&lt;img src=&quot;http://img.huyionline.cn/yy003/images/ueditor/3571351154715.jpg&quot; style=&quot;float:none;&quot; title=&quot;LED天花灯2.jpg&quot; border=&quot;0&quot; hspace=&quot;0&quot; vspace=&quot;0&quot; /&gt;&lt;br /&gt;&lt;/span&gt;&lt;/p&gt;',	0),
(44,	1370,	0,	1,	0,	0,	0,	999,	1352476800,	1352476800,	'zh-cn',	'阿莫西林胶囊-0.25g',	'',	'509de9c88d577.jpg',	'300',	'300',	'',	'',	'',	'',	'&lt;p&gt;&lt;img src=&quot;http://img.huyionline.cn/y00165513/images/ueditor/62131352526251.jpg&quot; style=&quot;float:none;&quot; title=&quot;阿莫西林胶囊-0.25g.jpg&quot; border=&quot;0&quot; hspace=&quot;0&quot; vspace=&quot;0&quot; /&gt;&lt;br /&gt;&lt;/p&gt;',	0),
(45,	1371,	0,	1,	0,	0,	0,	999,	1352476800,	1352476800,	'mobile',	'阿莫西林胶囊-0.25g',	'',	'509de9c88d577.jpg',	'300',	'300',	'',	'',	'',	'',	'&lt;p&gt;&lt;img src=&quot;http://img.huyionline.cn/y00165513/images/ueditor/62131352526251.jpg&quot; style=&quot;float:none;&quot; title=&quot;阿莫西林胶囊-0.25g.jpg&quot; border=&quot;0&quot; hspace=&quot;0&quot; vspace=&quot;0&quot; /&gt;&lt;br /&gt;&lt;/p&gt;',	0),
(46,	1370,	0,	1,	0,	0,	1,	999,	1352476800,	1352476800,	'zh-cn',	'阿莫西林克拉维酸钾干混悬剂',	'',	'509dea00427c7.jpg',	'300',	'300',	'',	'',	'',	'',	'&lt;p&gt;&lt;img src=&quot;http://img.huyionline.cn/y00165513/images/ueditor/18311352526317.jpg&quot; style=&quot;float:none;&quot; title=&quot;阿莫西林克拉维酸钾干混悬剂.jpg&quot; border=&quot;0&quot; hspace=&quot;0&quot; vspace=&quot;0&quot; /&gt;&lt;br /&gt;&lt;/p&gt;',	0),
(47,	1371,	0,	1,	0,	0,	0,	999,	1352476800,	1352476800,	'mobile',	'阿莫西林克拉维酸钾干混悬剂',	'',	'509dea00427c7.jpg',	'300',	'300',	'',	'',	'',	'',	'&lt;p&gt;&lt;img src=&quot;http://img.huyionline.cn/y00165513/images/ueditor/18311352526317.jpg&quot; style=&quot;float:none;&quot; title=&quot;阿莫西林克拉维酸钾干混悬剂.jpg&quot; border=&quot;0&quot; hspace=&quot;0&quot; vspace=&quot;0&quot; /&gt;&lt;br /&gt;&lt;/p&gt;',	0),
(48,	1370,	0,	1,	0,	0,	1,	999,	1352476800,	1352476800,	'zh-cn',	'阿莫西林克拉维酸钾片',	'',	'509dea2dd0559.jpg',	'300',	'300',	'',	'',	'',	'',	'&lt;p&gt;&lt;img src=&quot;http://img.huyionline.cn/y00165513/images/ueditor/23391352526351.jpg&quot; style=&quot;float:none;&quot; title=&quot;阿莫西林克拉维酸钾片.jpg&quot; border=&quot;0&quot; hspace=&quot;0&quot; vspace=&quot;0&quot; /&gt;&lt;br /&gt;&lt;/p&gt;',	0),
(49,	1371,	0,	1,	0,	0,	0,	999,	1352476800,	1352476800,	'mobile',	'阿莫西林克拉维酸钾片',	'',	'509dea2dd0559.jpg',	'300',	'300',	'',	'',	'',	'',	'&lt;p&gt;&lt;img src=&quot;http://img.huyionline.cn/y00165513/images/ueditor/23391352526351.jpg&quot; style=&quot;float:none;&quot; title=&quot;阿莫西林克拉维酸钾片.jpg&quot; border=&quot;0&quot; hspace=&quot;0&quot; vspace=&quot;0&quot; /&gt;&lt;br /&gt;&lt;/p&gt;',	0),
(50,	1370,	0,	1,	0,	0,	1,	999,	1352476800,	1352476800,	'zh-cn',	'头孢丙烯分散片',	'',	'509dea4c370a6.jpg',	'300',	'300',	'',	'',	'',	'',	'&lt;p&gt;&lt;img src=&quot;http://img.huyionline.cn/y00165513/images/ueditor/5871352526394.jpg&quot; style=&quot;float:none;&quot; title=&quot;头孢丙烯分散片.jpg&quot; border=&quot;0&quot; hspace=&quot;0&quot; vspace=&quot;0&quot; /&gt;&lt;br /&gt;&lt;/p&gt;',	0),
(51,	1371,	0,	1,	0,	0,	0,	999,	1352476800,	1352476800,	'mobile',	'头孢丙烯分散片',	'',	'509dea4c370a6.jpg',	'300',	'300',	'',	'',	'',	'',	'&lt;p&gt;&lt;img src=&quot;http://img.huyionline.cn/y00165513/images/ueditor/5871352526394.jpg&quot; style=&quot;float:none;&quot; title=&quot;头孢丙烯分散片.jpg&quot; border=&quot;0&quot; hspace=&quot;0&quot; vspace=&quot;0&quot; /&gt;&lt;br /&gt;&lt;/p&gt;',	0),
(52,	1370,	0,	1,	0,	0,	0,	999,	1352476800,	1352476800,	'zh-cn',	'头孢克肟颗粒',	'',	'509dea6d04d09.jpg',	'300',	'300',	'',	'',	'',	'',	'&lt;p&gt;&lt;img src=&quot;http://img.huyionline.cn/y00165513/images/ueditor/67901352526427.jpg&quot; style=&quot;float:none;&quot; title=&quot;头孢克肟颗粒.jpg&quot; border=&quot;0&quot; hspace=&quot;0&quot; vspace=&quot;0&quot; /&gt;&lt;br /&gt;&lt;/p&gt;',	0),
(53,	1371,	0,	1,	0,	0,	1,	999,	1352476800,	1352476800,	'mobile',	'头孢克肟颗粒',	'',	'509dea6d04d09.jpg',	'300',	'300',	'',	'',	'',	'',	'&lt;p&gt;&lt;img src=&quot;http://img.huyionline.cn/y00165513/images/ueditor/67901352526427.jpg&quot; style=&quot;float:none;&quot; title=&quot;头孢克肟颗粒.jpg&quot; border=&quot;0&quot; hspace=&quot;0&quot; vspace=&quot;0&quot; /&gt;&lt;br /&gt;&lt;/p&gt;',	0),
(54,	1370,	0,	1,	0,	0,	0,	999,	1352476800,	1352476800,	'zh-cn',	'盐酸左氧氟沙星片',	'',	'509dea8c032fd.jpg',	'300',	'300',	'',	'',	'',	'',	'&lt;p&gt;&lt;img src=&quot;http://img.huyionline.cn/y00165513/images/ueditor/24841352526458.jpg&quot; style=&quot;float:none;&quot; title=&quot;盐酸左氧氟沙星片.jpg&quot; border=&quot;0&quot; hspace=&quot;0&quot; vspace=&quot;0&quot; /&gt;&lt;br /&gt;&lt;/p&gt;',	0),
(55,	1371,	0,	1,	0,	0,	1,	999,	1352476800,	1352476800,	'mobile',	'盐酸左氧氟沙星片',	'',	'509dea8c032fd.jpg',	'300',	'300',	'',	'',	'',	'',	'&lt;p&gt;&lt;img src=&quot;http://img.huyionline.cn/y00165513/images/ueditor/24841352526458.jpg&quot; style=&quot;float:none;&quot; title=&quot;盐酸左氧氟沙星片.jpg&quot; border=&quot;0&quot; hspace=&quot;0&quot; vspace=&quot;0&quot; /&gt;&lt;br /&gt;&lt;/p&gt;',	0),
(56,	1370,	0,	1,	0,	0,	0,	999,	1352476800,	1352476800,	'zh-cn',	'注射用头孢硫脒（0.5g）',	'',	'509deb207b685.jpg',	'300',	'300',	'',	'',	'',	'',	'&lt;p&gt;&lt;img src=&quot;http://img.huyionline.cn/y00165513/images/ueditor/21201352526609.jpg&quot; style=&quot;float:none;&quot; title=&quot;注射用头孢硫脒（0.5g）.jpg&quot; border=&quot;0&quot; hspace=&quot;0&quot; vspace=&quot;0&quot; /&gt;&lt;br /&gt;&lt;/p&gt;',	0),
(57,	1371,	0,	1,	0,	0,	0,	999,	1352476800,	1352476800,	'mobile',	'注射用头孢硫脒（0.5g）',	'',	'509deb207b685.jpg',	'300',	'300',	'',	'',	'',	'',	'&lt;p&gt;&lt;img src=&quot;http://img.huyionline.cn/y00165513/images/ueditor/21201352526609.jpg&quot; style=&quot;float:none;&quot; title=&quot;注射用头孢硫脒（0.5g）.jpg&quot; border=&quot;0&quot; hspace=&quot;0&quot; vspace=&quot;0&quot; /&gt;&lt;br /&gt;&lt;/p&gt;',	0),
(58,	1370,	0,	1,	0,	0,	1,	999,	1352476800,	1352476800,	'zh-cn',	'注射用头孢硫脒（0.5g）10瓶装',	'',	'509deb53dd46d.jpg',	'300',	'300',	'',	'',	'',	'',	'&lt;p&gt;&lt;img src=&quot;http://img.huyionline.cn/y00165513/images/ueditor/31331352526657.jpg&quot; style=&quot;float:none;&quot; title=&quot;注射用头孢硫脒（0.5g）10瓶装.jpg&quot; border=&quot;0&quot; hspace=&quot;0&quot; vspace=&quot;0&quot; /&gt;&lt;br /&gt;&lt;/p&gt;',	0),
(59,	1371,	0,	1,	0,	0,	0,	999,	1352476800,	1352476800,	'mobile',	'注射用头孢硫脒（0.5g）10瓶装',	'',	'509deb53dd46d.jpg',	'300',	'300',	'',	'',	'',	'',	'&lt;p&gt;&lt;img src=&quot;http://img.huyionline.cn/y00165513/images/ueditor/31331352526657.jpg&quot; style=&quot;float:none;&quot; title=&quot;注射用头孢硫脒（0.5g）10瓶装.jpg&quot; border=&quot;0&quot; hspace=&quot;0&quot; vspace=&quot;0&quot; /&gt;&lt;br /&gt;&lt;/p&gt;',	0),
(60,	1370,	0,	1,	0,	0,	1,	999,	1352476800,	1352476800,	'zh-cn',	'注射用头孢硫脒（1.0g）',	'',	'509deb7068724.jpg',	'300',	'300',	'',	'',	'',	'',	'&lt;p&gt;&lt;img src=&quot;http://img.huyionline.cn/y00165513/images/ueditor/93921352526689.jpg&quot; style=&quot;float:none;&quot; title=&quot;注射用头孢硫脒（1.0g）.jpg&quot; border=&quot;0&quot; hspace=&quot;0&quot; vspace=&quot;0&quot; /&gt;&lt;br /&gt;&lt;/p&gt;',	0),
(61,	1371,	0,	1,	0,	0,	1,	999,	1352476800,	1352476800,	'mobile',	'注射用头孢硫脒（1.0g）',	'',	'509deb7068724.jpg',	'300',	'300',	'',	'',	'',	'',	'&lt;p&gt;&lt;img src=&quot;http://img.huyionline.cn/y00165513/images/ueditor/93921352526689.jpg&quot; style=&quot;float:none;&quot; title=&quot;注射用头孢硫脒（1.0g）.jpg&quot; border=&quot;0&quot; hspace=&quot;0&quot; vspace=&quot;0&quot; /&gt;&lt;br /&gt;&lt;/p&gt;',	0),
(62,	1370,	0,	1,	0,	0,	1,	999,	1352476800,	1352476800,	'zh-cn',	'注射用头孢硫脒（2.0g）',	'',	'509deb8b670b4.jpg',	'300',	'300',	'',	'',	'',	'',	'&lt;p&gt;&lt;img src=&quot;http://img.huyionline.cn/y00165513/images/ueditor/36031352526717.jpg&quot; style=&quot;float:none;&quot; title=&quot;注射用头孢硫脒（2.0g）.jpg&quot; border=&quot;0&quot; hspace=&quot;0&quot; vspace=&quot;0&quot; /&gt;&lt;br /&gt;&lt;/p&gt;',	0),
(63,	1371,	0,	1,	0,	0,	1,	999,	1352476800,	1352476800,	'mobile',	'注射用头孢硫脒（2.0g）',	'',	'509deb8b670b4.jpg',	'300',	'300',	'',	'',	'',	'',	'&lt;p&gt;&lt;img src=&quot;http://img.huyionline.cn/y00165513/images/ueditor/36031352526717.jpg&quot; style=&quot;float:none;&quot; title=&quot;注射用头孢硫脒（2.0g）.jpg&quot; border=&quot;0&quot; hspace=&quot;0&quot; vspace=&quot;0&quot; /&gt;&lt;br /&gt;&lt;/p&gt;',	0),
(64,	1374,	0,	1,	0,	0,	1,	999,	1352476800,	1352476800,	'zh-cn',	'保儿安颗粒',	'',	'509dec4fd311f.jpg',	'300',	'300',	'',	'',	'',	'',	'&lt;p&gt;&lt;img src=&quot;http://img.huyionline.cn/y00165513/images/ueditor/10421352526907.jpg&quot; style=&quot;float:none;&quot; title=&quot;保儿安颗粒.jpg&quot; border=&quot;0&quot; hspace=&quot;0&quot; vspace=&quot;0&quot; /&gt;&lt;br /&gt;&lt;/p&gt;',	0),
(65,	1375,	0,	1,	0,	0,	1,	999,	1352476800,	1352476800,	'mobile',	'保儿安颗粒',	'',	'509dec4fd311f.jpg',	'300',	'300',	'',	'',	'',	'',	'&lt;p&gt;&lt;img src=&quot;http://img.huyionline.cn/y00165513/images/ueditor/10421352526907.jpg&quot; style=&quot;float:none;&quot; title=&quot;保儿安颗粒.jpg&quot; border=&quot;0&quot; hspace=&quot;0&quot; vspace=&quot;0&quot; /&gt;&lt;br /&gt;&lt;/p&gt;',	0),
(66,	1374,	0,	1,	0,	0,	1,	999,	1352476800,	1352476800,	'zh-cn',	'萆薢分清丸',	'',	'509dec93a62d9.jpg',	'300',	'300',	'',	'',	'',	'',	'&lt;p&gt;&lt;img src=&quot;http://img.huyionline.cn/y00165513/images/ueditor/3961352526973.jpg&quot; style=&quot;float:none;&quot; title=&quot;萆薢分清丸.jpg&quot; border=&quot;0&quot; hspace=&quot;0&quot; vspace=&quot;0&quot; /&gt;&lt;br /&gt;&lt;/p&gt;',	0),
(67,	1375,	0,	1,	0,	0,	1,	999,	1352476800,	1352476800,	'mobile',	'萆薢分清丸',	'',	'509dec93a62d9.jpg',	'300',	'300',	'',	'',	'',	'',	'&lt;p&gt;&lt;img src=&quot;http://img.huyionline.cn/y00165513/images/ueditor/3961352526973.jpg&quot; style=&quot;float:none;&quot; title=&quot;萆薢分清丸.jpg&quot; border=&quot;0&quot; hspace=&quot;0&quot; vspace=&quot;0&quot; /&gt;&lt;br /&gt;&lt;/p&gt;',	0),
(68,	1374,	0,	1,	0,	0,	0,	999,	1352476800,	1352476800,	'zh-cn',	'独一味片',	'',	'509decf2290cd.jpg',	'300',	'300',	'',	'',	'',	'',	'&lt;p&gt;&lt;img src=&quot;http://img.huyionline.cn/y00165513/images/ueditor/16121352527064.jpg&quot; style=&quot;float:none;&quot; title=&quot;独一味片.jpg&quot; border=&quot;0&quot; hspace=&quot;0&quot; vspace=&quot;0&quot; /&gt;&lt;br /&gt;&lt;/p&gt;',	0),
(69,	1375,	0,	1,	0,	0,	0,	999,	1352476800,	1352476800,	'mobile',	'独一味片',	'',	'509decf2290cd.jpg',	'300',	'300',	'',	'',	'',	'',	'&lt;p&gt;&lt;img src=&quot;http://img.huyionline.cn/y00165513/images/ueditor/16121352527064.jpg&quot; style=&quot;float:none;&quot; title=&quot;独一味片.jpg&quot; border=&quot;0&quot; hspace=&quot;0&quot; vspace=&quot;0&quot; /&gt;&lt;br /&gt;&lt;/p&gt;',	0),
(70,	1374,	0,	1,	0,	0,	1,	999,	1352476800,	1352476800,	'zh-cn',	'蜂蜡素胶囊',	'',	'509ded1a6e883.jpg',	'300',	'300',	'',	'',	'',	'',	'&lt;p&gt;&lt;img src=&quot;http://img.huyionline.cn/y00165513/images/ueditor/13501352527109.jpg&quot; style=&quot;float:none;&quot; title=&quot;蜂蜡素胶囊.jpg&quot; border=&quot;0&quot; hspace=&quot;0&quot; vspace=&quot;0&quot; /&gt;&lt;br /&gt;&lt;/p&gt;',	0),
(71,	1375,	0,	1,	0,	0,	1,	999,	1352476800,	1352476800,	'mobile',	'蜂蜡素胶囊',	'',	'509ded1a6e883.jpg',	'300',	'300',	'',	'',	'',	'',	'&lt;p&gt;&lt;img src=&quot;http://img.huyionline.cn/y00165513/images/ueditor/13501352527109.jpg&quot; style=&quot;float:none;&quot; title=&quot;蜂蜡素胶囊.jpg&quot; border=&quot;0&quot; hspace=&quot;0&quot; vspace=&quot;0&quot; /&gt;&lt;br /&gt;&lt;/p&gt;',	0),
(72,	1374,	0,	1,	0,	0,	1,	999,	1352476800,	1352476800,	'zh-cn',	'江南卷柏片',	'',	'509dedd34c6b4.jpg',	'300',	'300',	'',	'',	'',	'',	'&lt;p&gt;&lt;img src=&quot;http://img.huyionline.cn/y00165513/images/ueditor/58121352527296.jpg&quot; style=&quot;float:none;&quot; title=&quot;江南卷柏片.jpg&quot; border=&quot;0&quot; hspace=&quot;0&quot; vspace=&quot;0&quot; /&gt;&lt;br /&gt;&lt;/p&gt;',	0),
(73,	1375,	0,	1,	0,	0,	1,	999,	1352476800,	1352476800,	'mobile',	'江南卷柏片',	'',	'509dedd34c6b4.jpg',	'300',	'300',	'',	'',	'',	'',	'&lt;p&gt;&lt;img src=&quot;http://img.huyionline.cn/y00165513/images/ueditor/58121352527296.jpg&quot; style=&quot;float:none;&quot; title=&quot;江南卷柏片.jpg&quot; border=&quot;0&quot; hspace=&quot;0&quot; vspace=&quot;0&quot; /&gt;&lt;br /&gt;&lt;/p&gt;',	0),
(74,	1374,	0,	1,	0,	0,	1,	999,	1352476800,	1352476800,	'zh-cn',	'肌苷片',	'',	'509dee221faa6.jpg',	'300',	'300',	'',	'',	'',	'',	'&lt;p&gt;&lt;img src=&quot;http://img.huyionline.cn/y00165513/images/ueditor/26201352527381.jpg&quot; style=&quot;float:none;&quot; title=&quot;肌苷片.jpg&quot; border=&quot;0&quot; hspace=&quot;0&quot; vspace=&quot;0&quot; /&gt;&lt;br /&gt;&lt;/p&gt;',	0),
(75,	1375,	0,	1,	0,	0,	1,	999,	1352476800,	1352476800,	'mobile',	'肌苷片',	'',	'509dee221faa6.jpg',	'300',	'300',	'',	'',	'',	'',	'&lt;p&gt;&lt;img src=&quot;http://img.huyionline.cn/y00165513/images/ueditor/26201352527381.jpg&quot; style=&quot;float:none;&quot; title=&quot;肌苷片.jpg&quot; border=&quot;0&quot; hspace=&quot;0&quot; vspace=&quot;0&quot; /&gt;&lt;br /&gt;&lt;/p&gt;',	0),
(76,	1374,	0,	1,	0,	0,	0,	999,	1352476800,	1352476800,	'zh-cn',	'三磷酸腺苷二钠片',	'',	'509dee47b461f.jpg',	'300',	'300',	'',	'',	'',	'',	'&lt;p&gt;&lt;img src=&quot;http://img.huyionline.cn/y00165513/images/ueditor/24961352527417.jpg&quot; style=&quot;float:none;&quot; title=&quot;三磷酸腺苷二钠片.jpg&quot; border=&quot;0&quot; hspace=&quot;0&quot; vspace=&quot;0&quot; /&gt;&lt;br /&gt;&lt;/p&gt;',	0),
(77,	1375,	0,	1,	0,	0,	0,	999,	1352476800,	1352476800,	'mobile',	'三磷酸腺苷二钠片',	'',	'509dee47b461f.jpg',	'300',	'300',	'',	'',	'',	'',	'&lt;p&gt;&lt;img src=&quot;http://img.huyionline.cn/y00165513/images/ueditor/24961352527417.jpg&quot; style=&quot;float:none;&quot; title=&quot;三磷酸腺苷二钠片.jpg&quot; border=&quot;0&quot; hspace=&quot;0&quot; vspace=&quot;0&quot; /&gt;&lt;br /&gt;&lt;/p&gt;',	0),
(78,	1374,	0,	1,	0,	0,	1,	999,	1352476800,	1352476800,	'zh-cn',	'注射用头孢呋辛钠（1.0g）',	'',	'509dee6a6df11.jpg',	'300',	'300',	'',	'',	'',	'',	'&lt;p&gt;&lt;img src=&quot;http://img.huyionline.cn/y00165513/images/ueditor/81691352527451.jpg&quot; style=&quot;float:none;&quot; title=&quot;注射用头孢呋辛钠（1.0g）.jpg&quot; border=&quot;0&quot; hspace=&quot;0&quot; vspace=&quot;0&quot; /&gt;&lt;br /&gt;&lt;/p&gt;',	0),
(79,	1375,	0,	1,	0,	0,	1,	999,	1352476800,	1352476800,	'mobile',	'注射用头孢呋辛钠（1.0g）',	'',	'509dee6a6df11.jpg',	'300',	'300',	'',	'',	'',	'',	'&lt;p&gt;&lt;img src=&quot;http://img.huyionline.cn/y00165513/images/ueditor/81691352527451.jpg&quot; style=&quot;float:none;&quot; title=&quot;注射用头孢呋辛钠（1.0g）.jpg&quot; border=&quot;0&quot; hspace=&quot;0&quot; vspace=&quot;0&quot; /&gt;&lt;br /&gt;&lt;/p&gt;',	0),
(80,	1161,	0,	1,	0,	0,	1,	999,	1352476800,	1352476800,	'zh-cn',	'注射用头孢呋辛钠（1.25g）',	'',	'509dfb301ba47.jpg',	'300',	'300',	'',	'',	'',	'',	'&lt;p&gt;&lt;img src=&quot;http://img.huyionline.cn/y00165513/images/ueditor/21011352530716.jpg&quot; style=&quot;float:none;&quot; title=&quot;注射用头孢呋辛钠（1.25g）.jpg&quot; border=&quot;0&quot; hspace=&quot;0&quot; vspace=&quot;0&quot; /&gt;&lt;br /&gt;&lt;/p&gt;',	0),
(81,	1375,	0,	1,	0,	0,	0,	999,	1352476800,	1352476800,	'mobile',	'注射用头孢呋辛钠（1.25g）',	'',	'509dfb301ba47.jpg',	'300',	'300',	'',	'',	'',	'',	'&lt;p&gt;&lt;img src=&quot;http://img.huyionline.cn/y00165513/images/ueditor/21011352530716.jpg&quot; style=&quot;float:none;&quot; title=&quot;注射用头孢呋辛钠（1.25g）.jpg&quot; border=&quot;0&quot; hspace=&quot;0&quot; vspace=&quot;0&quot; /&gt;&lt;br /&gt;&lt;/p&gt;',	0),
(82,	1374,	0,	1,	0,	0,	1,	999,	1352476800,	1352476800,	'zh-cn',	'注射用头孢呋辛钠（1.75g）',	'',	'509dfb5cddd87.jpg',	'300',	'300',	'',	'',	'',	'',	'&lt;p&gt;&lt;img src=&quot;http://img.huyionline.cn/y00165513/images/ueditor/50071352530756.jpg&quot; style=&quot;float:none;&quot; title=&quot;注射用头孢呋辛钠（1.75g）.jpg&quot; border=&quot;0&quot; hspace=&quot;0&quot; vspace=&quot;0&quot; /&gt;&lt;br /&gt;&lt;/p&gt;',	0),
(83,	1375,	0,	1,	0,	0,	1,	999,	1352476800,	1352476800,	'mobile',	'注射用头孢呋辛钠（1.75g）',	'',	'509dfb5cddd87.jpg',	'300',	'300',	'',	'',	'',	'',	'&lt;p&gt;&lt;img src=&quot;http://img.huyionline.cn/y00165513/images/ueditor/50071352530756.jpg&quot; style=&quot;float:none;&quot; title=&quot;注射用头孢呋辛钠（1.75g）.jpg&quot; border=&quot;0&quot; hspace=&quot;0&quot; vspace=&quot;0&quot; /&gt;&lt;br /&gt;&lt;/p&gt;',	0),
(37,	1295,	0,	1,	0,	0,	1,	999,	1351612800,	1351612800,	'zh-tw',	'繁体产品1',	'',	NULL,	'300',	'300',	'',	'',	'',	'',	'&lt;p&gt;繁体产品1繁体产品1繁体产品1繁体产品1&lt;br /&gt;&lt;/p&gt;',	0),
(38,	1296,	0,	1,	0,	0,	1,	999,	1351612800,	1351612800,	'zh-tw',	'繁体产品11',	'',	NULL,	'300',	'300',	'',	'',	'',	'',	'&lt;p&gt;繁体产品11繁体产品11繁体产品11繁体产品11&lt;br /&gt;&lt;/p&gt;',	0),
(39,	1297,	0,	1,	0,	0,	1,	999,	1351612800,	1351612800,	'zh-tw',	'繁体产品2',	'',	NULL,	'300',	'300',	'',	'',	'',	'',	'&lt;p&gt;繁体产品2繁体产品2繁体产品2繁体产品2&lt;br /&gt;&lt;/p&gt;',	0),
(40,	1297,	0,	1,	0,	0,	1,	999,	1351612800,	1351612800,	'zh-tw',	'繁体产品222',	'',	NULL,	'300',	'300',	'',	'',	'',	'',	'&lt;p&gt;&lt;br /&gt;&lt;/p&gt;',	0),
(41,	1303,	0,	1,	0,	0,	0,	999,	1351612800,	1351612800,	'en-us',	'P2',	'',	NULL,	'300',	'300',	'',	'',	'',	'',	'&lt;p&gt;P2P2P2P2P2P2P2&lt;br /&gt;&lt;/p&gt;',	0),
(42,	1303,	0,	1,	0,	0,	0,	999,	1351612800,	1351612800,	'en-us',	'P2P2',	'',	NULL,	'300',	'300',	'',	'',	'',	'',	'&lt;p&gt;P2P2P2P2&lt;br /&gt;&lt;/p&gt;',	0),
(43,	1304,	0,	1,	0,	0,	0,	999,	1351612800,	1351612800,	'en-us',	'P3',	'',	NULL,	'300',	'300',	'',	'',	'',	'',	'&lt;p&gt;P3P3P3P3P3P3&lt;br /&gt;&lt;/p&gt;',	0);

INSERT INTO `y_goods_inquire` (`id`, `goods_id`, `address`, `linkman`, `email`, `mobile`, `tel`, `content`, `create_time`, `status`) VALUES
(2,	1,	NULL,	'',	NULL,	NULL,	NULL,	'',	1351754174,	NULL);

INSERT INTO `y_goods_photo` (`id`, `goods_id`, `my_id`, `is_publish`, `ordernum`, `lang`, `title`, `image`, `description`) VALUES
(1,	14,	NULL,	1,	30,	NULL,	'',	'5920121025164214.jpg',	NULL),
(2,	14,	NULL,	1,	30,	NULL,	'',	'4520121025164215.jpg',	NULL),
(3,	15,	NULL,	1,	30,	NULL,	'',	'5920121025164214.jpg',	NULL),
(4,	15,	NULL,	1,	30,	NULL,	'',	'4520121025164215.jpg',	NULL);

INSERT INTO `y_guestbook` (`id`, `category_id`, `my_id`, `is_top`, `is_publish`, `ordernum`, `create_time`, `reply_time`, `lang`, `title`, `content`, `reply`, `email`, `linkman`, `mobile`, `tel`, `fax`, `read`) VALUES
(2,	1228,	0,	0,	1,	999,	1351825092,	1351235095,	'zh-cn',	'灯光分层是什么意思？',	'最近在看关于室内灯光设计分层的书籍？对灯光分层很模糊？劳烦各位给详细解答？',	'室内灯光设计',	'chen@domain.com',	'李先生',	NULL,	'18620500111',	NULL,	1),
(3,	1224,	NULL,	0,	1,	999,	1352536180,	NULL,	'zh-CN',	'都生产什么药？',	'都生产什么药？',	NULL,	'aden@126.com',	'大风',	NULL,	'13825998761',	NULL,	0);

INSERT INTO `y_job` (`id`, `my_id`, `is_publish`, `is_top`, `is_home`, `category_id`, `position_id`, `department`, `education`, `salary`, `ordernum`, `number`, `begin_time`, `end_time`, `create_time`, `lang`, `title`, `site`, `ask`, `content`) VALUES
(1,	NULL,	1,	NULL,	NULL,	205,	0,	'市场部',	'大专',	'面议',	999,	1,	1351180800,	1351180800,	1351180800,	'zh-cn',	'市场公关专员',	'广州',	'',	'&lt;p&gt;职位信息：&lt;/p&gt;&lt;p&gt;1、协助进行市场公关活动执行；&lt;/p&gt;&lt;p&gt;2、针对公司的活动及日常宣传需要，撰写新闻稿，并对外发布；&lt;/p&gt;&lt;p&gt;3、建立和维护媒体关系，负责媒体公关活动的策划和实施；&lt;/p&gt;&lt;p&gt;4、能够对合作项目进行有效的内外部跟踪，保证项目进度达成。&amp;nbsp;&lt;/p&gt;&lt;p&gt;任职资格：：&lt;/p&gt;&lt;p&gt;1、大专以上学历，形象气质佳；&lt;/p&gt;&lt;p&gt;2、有一年以上市场策划及市场公关工作经验；&lt;/p&gt;&lt;p&gt;3、具备一定的沟通和协调能力，工作积极主动；&lt;/p&gt;&lt;p&gt;4、具备良好的文案功底，文字表达能力强；&lt;/p&gt;&lt;p&gt;5、熟悉广东省媒体，有媒体相关工作经验者优先。&lt;/p&gt;'),
(2,	NULL,	1,	NULL,	NULL,	1217,	0,	'市场部',	'大专',	'面议',	999,	1,	1351180800,	1351180800,	1351180800,	'mobile',	'市场公关专员',	'广州',	'',	'&lt;p&gt;职位信息：&lt;/p&gt;&lt;p&gt;1、协助进行市场公关活动执行；&lt;/p&gt;&lt;p&gt;2、针对公司的活动及日常宣传需要，撰写新闻稿，并对外发布；&lt;/p&gt;&lt;p&gt;3、建立和维护媒体关系，负责媒体公关活动的策划和实施；&lt;/p&gt;&lt;p&gt;4、能够对合作项目进行有效的内外部跟踪，保证项目进度达成。&amp;nbsp;&lt;/p&gt;&lt;p&gt;任职资格：：&lt;/p&gt;&lt;p&gt;1、大专以上学历，形象气质佳；&lt;/p&gt;&lt;p&gt;2、有一年以上市场策划及市场公关工作经验；&lt;/p&gt;&lt;p&gt;3、具备一定的沟通和协调能力，工作积极主动；&lt;/p&gt;&lt;p&gt;4、具备良好的文案功底，文字表达能力强；&lt;/p&gt;&lt;p&gt;5、熟悉广东省媒体，有媒体相关工作经验者优先。&lt;/p&gt;'),
(5,	NULL,	1,	NULL,	NULL,	1286,	0,	'',	'',	'',	999,	0,	1351612800,	1351612800,	1351612800,	'zh-tw',	'繁-招聘',	'',	'',	'繁-招聘繁-招聘繁-招聘繁-招聘'),
(6,	NULL,	1,	NULL,	NULL,	1287,	0,	'',	'',	'',	999,	0,	1351612800,	1351612800,	1351612800,	'en-us',	'E-招聘',	'',	'',	'E-招聘E-招聘E-招聘E-招聘'),
(7,	NULL,	1,	NULL,	NULL,	205,	0,	'药物研究所',	'硕士以上(包括硕士)',	'面议',	999,	6,	1352476800,	1385568000,	1352476800,	'zh-cn',	'药物研发',	'北京',	'新药研发',	'&lt;p style=&quot;border-top-width:0px;border-right-width:0px;border-bottom-width:0px;border-left-width:0px;font-size:12px;text-indent:2em;color:#666666;font-family:宋体, arial, helvetica, sans-serif;line-height:25px;white-space:normal;text-align:left;padding:0px;margin-top:0px;margin-bottom:0px;&quot;&gt;&lt;br /&gt;&lt;/p&gt;&lt;p&gt;硕士：药物化学、药物分析&lt;/p&gt;&lt;p&gt;博士：药物制剂&lt;/p&gt;&lt;p style=&quot;border-top-width:0px;border-right-width:0px;border-bottom-width:0px;border-left-width:0px;font-size:12px;text-indent:2em;color:#666666;font-family:宋体, arial, helvetica, sans-serif;line-height:25px;white-space:normal;text-align:left;padding:0px;margin-top:0px;margin-bottom:0px;&quot;&gt;&lt;br /&gt;&lt;/p&gt;'),
(8,	NULL,	1,	NULL,	NULL,	1217,	0,	'药物研究所',	'硕士以上(包括硕士)',	'面议',	999,	6,	1352476800,	1385568000,	1352476800,	'mobile',	'药物研发',	'北京',	'新药研发',	'&lt;p style=&quot;border-top-width:0px;border-right-width:0px;border-bottom-width:0px;border-left-width:0px;font-size:12px;text-indent:2em;color:#666666;font-family:宋体, arial, helvetica, sans-serif;line-height:25px;white-space:normal;text-align:left;padding:0px;margin-top:0px;margin-bottom:0px;&quot;&gt;&lt;br /&gt;&lt;/p&gt;&lt;p&gt;硕士：药物化学、药物分析&lt;/p&gt;&lt;p&gt;博士：药物制剂&lt;/p&gt;&lt;p style=&quot;border-top-width:0px;border-right-width:0px;border-bottom-width:0px;border-left-width:0px;font-size:12px;text-indent:2em;color:#666666;font-family:宋体, arial, helvetica, sans-serif;line-height:25px;white-space:normal;text-align:left;padding:0px;margin-top:0px;margin-bottom:0px;&quot;&gt;&lt;br /&gt;&lt;/p&gt;');

INSERT INTO `y_job_resume` (`id`, `job_id`, `position_id`, `create_time`, `linkname`, `sex`, `age`, `email`, `phone`, `address`, `file`, `intro`) VALUES
(1,	1,	0,	1350980513,	'yyyy',	'男',	NULL,	'13123@qq.com',	'132432413213',	'13213212',	'',	'3213213213');



INSERT INTO `y_market` (`id`, `category_id`, `my_id`, `is_publish`, `is_top`, `is_home`, `ordernum`, `create_time`, `lang`, `title`, `tag`, `email`, `linkman`, `tel`, `fax`, `postcode`, `address`, `mapcode`, `content`, `content_type`, `image`, `imgwidth`, `imgheight`, `traffic1`, `traffic2`, `office_location`, `point_x`, `point_y`) VALUES
(6,	1213,	NULL,	1,	NULL,	NULL,	999,	1351235335,	'mobile',	'地址',	NULL,	NULL,	NULL,	NULL,	NULL,	NULL,	NULL,	NULL,	'广东省广州市天河区天河北路366号',	NULL,	'address',	'',	'',	'',	'',	'广东省广州市天河区天河北路366号',	'113.335375',	'23.146839'),
(7,	1213,	NULL,	1,	NULL,	NULL,	999,	1351235353,	'mobile',	'电话',	NULL,	NULL,	NULL,	NULL,	NULL,	NULL,	NULL,	NULL,	'020-88888888',	NULL,	'tel',	'',	'',	'',	'',	'',	'',	''),
(8,	1213,	NULL,	1,	NULL,	NULL,	999,	1351235366,	'mobile',	'E-mail',	NULL,	NULL,	NULL,	NULL,	NULL,	NULL,	NULL,	NULL,	'chen@domain.com',	NULL,	'mail',	'',	'',	'',	'',	'',	'',	''),
(9,	1214,	NULL,	1,	NULL,	NULL,	999,	1351235525,	'mobile',	'地址',	NULL,	NULL,	NULL,	NULL,	NULL,	NULL,	NULL,	NULL,	'广东省东莞市东城中路达鑫创富中心',	NULL,	'address',	'',	'',	'',	'',	'广东省东莞市东城中路达鑫创富中心',	'113.78566',	'23.055822'),
(10,	1214,	NULL,	1,	NULL,	NULL,	999,	1351235556,	'mobile',	'E-mail',	NULL,	NULL,	NULL,	NULL,	NULL,	NULL,	NULL,	NULL,	'chen126@domain.com',	NULL,	'phone',	'',	'',	'',	'',	'',	'',	''),
(11,	1214,	NULL,	1,	NULL,	NULL,	999,	1351235592,	'mobile',	'传真',	NULL,	NULL,	NULL,	NULL,	NULL,	NULL,	NULL,	NULL,	'07692039887',	NULL,	'tel',	'',	'',	'',	'',	'',	'',	''),
(12,	1215,	NULL,	1,	NULL,	NULL,	999,	1351235623,	'mobile',	'地址',	NULL,	NULL,	NULL,	NULL,	NULL,	NULL,	NULL,	NULL,	'北京市东城区隆福寺街95号',	NULL,	'address',	'',	'',	'',	'',	'北京市东城区隆福寺街95号',	'116.420181',	'39.932285'),
(13,	1215,	NULL,	1,	NULL,	NULL,	999,	1351235638,	'mobile',	'电话',	NULL,	NULL,	NULL,	NULL,	NULL,	NULL,	NULL,	NULL,	'01084047312',	NULL,	'tel',	'',	'',	'',	'',	'',	'',	''),
(14,	1215,	NULL,	1,	NULL,	NULL,	999,	1351235647,	'mobile',	'传真',	NULL,	NULL,	NULL,	NULL,	NULL,	NULL,	NULL,	NULL,	'01084047388',	NULL,	'tel',	'',	'',	'',	'',	'',	'',	''),
(15,	1215,	NULL,	1,	NULL,	NULL,	999,	1351235657,	'mobile',	'E-mail',	NULL,	NULL,	NULL,	NULL,	NULL,	NULL,	NULL,	NULL,	'lilis@domain.com',	NULL,	'mail',	'',	'',	'',	'',	'',	'',	''),
(16,	1239,	NULL,	1,	NULL,	NULL,	999,	1351235726,	'mobile',	'地址',	NULL,	NULL,	NULL,	NULL,	NULL,	NULL,	NULL,	NULL,	'罗湖区深南东路4003号世界金融中心1楼',	NULL,	'address',	'',	'',	'',	'',	'罗湖区深南东路4003号世界金融中心1楼',	'114.12079',	'22.548563'),
(17,	1239,	NULL,	1,	NULL,	NULL,	999,	1351235744,	'mobile',	'电话',	NULL,	NULL,	NULL,	NULL,	NULL,	NULL,	NULL,	NULL,	'18688888888',	NULL,	'phone',	'',	'',	'',	'',	'',	'',	''),
(18,	1239,	NULL,	1,	NULL,	NULL,	999,	1351235755,	'mobile',	'传真',	NULL,	NULL,	NULL,	NULL,	NULL,	NULL,	NULL,	NULL,	'075525981888',	NULL,	'tel',	'',	'',	'',	'',	'',	'',	''),
(19,	1239,	NULL,	1,	NULL,	NULL,	999,	1351235935,	'mobile',	'E-mail',	NULL,	NULL,	NULL,	NULL,	NULL,	NULL,	NULL,	NULL,	'lili@domain.com',	NULL,	'mail',	'',	'',	'',	'',	'',	'',	'');


INSERT INTO `y_mobile_contact` (`id`, `category_id`, `area_id`, `is_home`, `is_contact`, `is_publish`, `ordernum`, `title`, `tag`, `image`, `content`, `content_type`, `traffic1`, `traffic2`, `office_location`, `point_x`, `point_y`) VALUES
(1,	749,	NULL,	0,	1,	1,	999,	'地址',	NULL,	'address',	'北京市朝阳区华威南路华辉苑A座1808室 ',	'address',	'',	'',	'北京市朝阳区华威南路华辉苑A座1808室 ',	'116.46607',	'39.875928'),
(2,	749,	NULL,	0,	1,	1,	999,	'E-mail',	NULL,	'mail',	'admin@Abc.com',	'',	'',	'',	'',	'',	''),
(3,	749,	NULL,	0,	1,	1,	999,	'电话',	NULL,	'tel',	'010-81429241',	'phone',	'',	'',	'',	'',	'');

INSERT INTO `y_news` (`id`, `category_id`, `my_id`, `is_publish`, `is_comment`, `is_top`, `is_home`, `click_count`, `ordernum`, `update_time`, `create_time`, `lang`, `title`, `tag`, `image`, `author`, `source`, `summary`, `seo_title`, `seo_keywords`, `seo_description`, `content`) VALUES
(1,	1170,	NULL,	1,	0,	0,	0,	1,	999,	1352537689,	1351148547,	'zh-cn',	'公司介绍',	NULL,	'509dfff65403f.jpg',	NULL,	NULL,	'北京吉英杰医药技术有限公司医药技术，包装食品的技术开发，技术服务，技术转让，技术咨询，技术培训，销售开发后的产品。',	'',	'',	'',	'&lt;p class=&quot;p0&quot; style=&quot;white-space:normal;text-indent:28px;text-align:left;margin-top:0px;margin-bottom:0px;&quot;&gt;北京吉英杰医药技术有限公司医药技术，包装食品的技术开发，技术服务，技术转让，技术咨询，技术培训，销售开发后的产品。&lt;/p&gt;&lt;p class=&quot;p0&quot; style=&quot;white-space:normal;text-indent:28px;text-align:left;margin-top:0px;margin-bottom:0px;&quot;&gt;北京吉英杰医药技术有限公司现有员工1700人，拥有11个剂型超过300个品规的产品，尤其是声势浩大的抗生素产品群，几乎涵盖了所有抗菌消炎常用品种。2006年，“吉英杰”商标被认定为中国“驰名商标”，2008年，“吉英杰”品牌价值为105.2亿元。2005年，总厂提出了“打造中国口服抗生素第一品牌”的战略目标，2008年，推出抗菌消炎药统一品牌――“抗之霸”，首次评估品牌价值达21.03亿元，2012年“抗之霸”商标被认定为中国“驰名商标”。&lt;/p&gt;&lt;p class=&quot;p0&quot; style=&quot;white-space:normal;text-indent:28px;text-align:left;margin-top:0px;margin-bottom:0px;&quot;&gt;企业坚持诚信经营。践行“爱心永恒，质量至上”的工作方针，坚持五级质量管理体系与全员质量管理，全面保障产品质量。作为北京市首批质量授权人试点单位，大力开展全员质量管理工作并取得良好成绩，08年至今，已有8个QC小组获得全国优秀QC小组，15个QC小组获得全国医药行业优秀QC小组。在全国首家实行药品销售五包，获得百姓放心药品牌、百姓放心药企业荣誉，连续24年获得北京市守合同、重信用企业，连续4年被评为北京市最佳诚信企业。&lt;/p&gt;&lt;p class=&quot;p0&quot; style=&quot;text-indent:28px;text-align:left;margin-bottom:0px;margin-top:0px;&quot;&gt;&lt;img src=&quot;http://img.huyionline.cn/y00165513/images/ueditor/52921352537679.jpg&quot; style=&quot;float:none;&quot; title=&quot;qq.jpg&quot; border=&quot;0&quot; hspace=&quot;0&quot; vspace=&quot;0&quot; /&gt;&lt;br /&gt;&lt;/p&gt;'),
(46,	1175,	NULL,	1,	0,	0,	1,	1,	999,	1352476800,	1352476800,	'zh-cn',	'2012年北京吉英杰医药技术有限公司职工运动会圆满结束',	'',	'509e051be16a6.jpg',	'',	'',	'',	'',	'',	'',	'&lt;p class=&quot;p0&quot; style=&quot;text-indent:28px;text-autospace:ideograph-numeric;text-autospace:ideograph-other;text-align:justify;vertical-align:;margin-bottom:0px;margin-top:0px;&quot;&gt;为活跃总厂员工的业余文化生活，增强团队凝聚力，展现企业风采，广州白云山制药总厂在十月下旬至十一月上旬举办了职工运动会，11月2日下午，在总厂篮球场进行了拔河比赛决赛和广播体操比赛。白云区教育发展中心体育教研员林东葵，白云区教育发展中心体育教研会副会长谢国锋，白云区教育发展中心体育教研会会员吴智以及广药集团董事、副总经理、广州白云山制药总厂厂长陈矛，广州白云山制药总厂党委书记周志魁，工会主席黄健及副厂长朱少璇、郑丽真，副总工程师许春江等领导到现场观摩了比赛。&lt;/p&gt;&lt;p class=&quot;p0&quot; style=&quot;text-indent:28px;text-autospace:ideograph-numeric;text-autospace:ideograph-other;text-align:justify;vertical-align:;margin-bottom:0px;margin-top:0px;&quot;&gt;本次运动会包括广播体操、拔河和扑克牌拖拉机三项比赛，历经2个月的筹划、组织和实施，得到了全厂员工的积极响应，共有498名员工参加赛事。比赛中各部门认真组织，热情参与，遵守纪律。特别值得一提的是广播体操比赛，全厂各部门都积极参与，各队利用业余时间，组织员工进行训练。在长达一个多月的训练中，大家争先恐后，力争上游，不仅对于每个动作都力求规范整齐，在编排上力图新颖，同时也在服装上争奇斗艳。此次广播体操比赛，各队除了收获空前的凝聚力，还让员工学会了第八套广播体操，在训练中达到增强体质的目的，得到广大员工的肯定，获得众多好评。&lt;/p&gt;&lt;p class=&quot;p0&quot; style=&quot;text-indent:28px;text-autospace:ideograph-numeric;text-autospace:ideograph-other;text-align:justify;vertical-align:;margin-bottom:0px;margin-top:0px;&quot;&gt;这次运动会的成功举办，既加强了参赛队之间的交流，又联络了员工们的感情，增强了凝聚力，充分展示了总厂员工团结、激情、奋发向上的精神面貌。&lt;/p&gt;&lt;p&gt;&lt;img src=&quot;http://img.huyionline.cn/y00165513/images/ueditor/50471352533200.jpg&quot; style=&quot;float:none;&quot; title=&quot;20121191134103.jpg&quot; border=&quot;0&quot; hspace=&quot;0&quot; vspace=&quot;0&quot; /&gt;&lt;br /&gt;&lt;/p&gt;'),
(2,	1198,	NULL,	1,	0,	0,	0,	1,	999,	1352531958,	1351148547,	'mobile',	'公司介绍',	NULL,	'509dfff65403f.jpg',	NULL,	NULL,	'北京吉英杰医药技术有限公司医药技术，包装食品的技术开发，技术服务，技术转让，技术咨询，技术培训，销售开发后的产品。',	'',	'',	'',	'&lt;p class=&quot;p0&quot; style=&quot;text-indent:28px;text-align:left;margin-bottom:0px;margin-top:0px;&quot;&gt;北京吉英杰医药技术有限公司医药技术，包装食品的技术开发，技术服务，技术转让，技术咨询，技术培训，销售开发后的产品。&lt;/p&gt;&lt;p class=&quot;p0&quot; style=&quot;text-indent:28px;text-align:left;margin-bottom:0px;margin-top:0px;&quot;&gt;北京吉英杰医药技术有限公司现有员工1700人，拥有11个剂型超过300个品规的产品，尤其是声势浩大的抗生素产品群，几乎涵盖了所有抗菌消炎常用品种。2006年，“吉英杰”商标被认定为中国“驰名商标”，2008年，“吉英杰”品牌价值为105.2亿元。2005年，总厂提出了“打造中国口服抗生素第一品牌”的战略目标，2008年，推出抗菌消炎药统一品牌――“抗之霸”，首次评估品牌价值达21.03亿元，2012年“抗之霸”商标被认定为中国“驰名商标”。&lt;/p&gt;&lt;p class=&quot;p0&quot; style=&quot;text-indent:28px;text-align:left;margin-bottom:0px;margin-top:0px;&quot;&gt;企业坚持诚信经营。践行“爱心永恒，质量至上”的工作方针，坚持五级质量管理体系与全员质量管理，全面保障产品质量。作为北京市首批质量授权人试点单位，大力开展全员质量管理工作并取得良好成绩，08年至今，已有8个QC小组获得全国优秀QC小组，15个QC小组获得全国医药行业优秀QC小组。在全国首家实行药品销售五包，获得百姓放心药品牌、百姓放心药企业荣誉，连续24年获得北京市守合同、重信用企业，连续4年被评为北京市最佳诚信企业。&lt;/p&gt;&lt;p&gt;&lt;img src=&quot;http://img.huyionline.cn/y00165513/images/ueditor/18481352531917.jpg&quot; style=&quot;float:none;&quot; title=&quot;qq.jpg&quot; border=&quot;0&quot; hspace=&quot;0&quot; vspace=&quot;0&quot; /&gt;&lt;br /&gt;&lt;/p&gt;'),
(9,	1238,	NULL,	1,	0,	0,	0,	1,	999,	1352532093,	1351158481,	'mobile',	'经营理念',	NULL,	NULL,	NULL,	NULL,	'',	'',	'',	'',	'&lt;p&gt;&lt;span style=&quot;white-space:nowrap;&quot;&gt;&lt;/span&gt;&lt;/p&gt;&lt;p style=&quot;text-align:left;&quot;&gt;【企业使命】&amp;nbsp;&amp;nbsp;一切为了人民健康&lt;/p&gt;&lt;p style=&quot;text-align:left;&quot;&gt;&amp;nbsp;&lt;/p&gt;&lt;p style=&quot;text-align:left;&quot;&gt;【价&amp;nbsp;值&amp;nbsp;观】&amp;nbsp;&amp;nbsp;爱心、正气、责任、进取&lt;/p&gt;&lt;p style=&quot;text-align:left;&quot;&gt;&amp;nbsp;&lt;/p&gt;&lt;p style=&quot;text-align:left;&quot;&gt;【企业愿景】&amp;nbsp;&amp;nbsp;打造高科技含量、高文化附加值、高市场占有率，具&lt;/p&gt;&lt;p style=&quot;text-align:left;&quot;&gt;&amp;nbsp;&lt;/p&gt;&lt;p style=&quot;text-align:left;&quot;&gt;&amp;nbsp;&amp;nbsp;&amp;nbsp;&amp;nbsp;&amp;nbsp;&amp;nbsp;&amp;nbsp;&amp;nbsp;&amp;nbsp;&amp;nbsp;&amp;nbsp;&amp;nbsp;有强大竞争力的国内一流医药名牌企业&lt;/p&gt;&lt;p style=&quot;text-align:left;&quot;&gt;&amp;nbsp;&lt;/p&gt;&lt;p style=&quot;text-align:left;&quot;&gt;【企业精神】&amp;nbsp;&amp;nbsp;坚韧不拔、责任担当、勇于创新、追求卓越&lt;/p&gt;&lt;p style=&quot;text-align:left;&quot;&gt;&amp;nbsp;&lt;/p&gt;&lt;p style=&quot;text-align:left;&quot;&gt;【经营理念】&amp;nbsp;&amp;nbsp;为社会提供优质产品，为客户提供优质服务&lt;/p&gt;&lt;p&gt;&lt;br /&gt;&lt;/p&gt;'),
(3,	1171,	NULL,	1,	0,	0,	0,	1,	999,	1352532093,	1351149890,	'zh-cn',	'经营理念',	NULL,	NULL,	NULL,	NULL,	'',	'',	'',	'',	'&lt;p&gt;&lt;span style=&quot;white-space:nowrap;&quot;&gt;&lt;/span&gt;&lt;/p&gt;&lt;p style=&quot;text-align:left;&quot;&gt;【企业使命】&amp;nbsp;&amp;nbsp;一切为了人民健康&lt;/p&gt;&lt;p style=&quot;text-align:left;&quot;&gt;&amp;nbsp;&lt;/p&gt;&lt;p style=&quot;text-align:left;&quot;&gt;【价&amp;nbsp;值&amp;nbsp;观】&amp;nbsp;&amp;nbsp;爱心、正气、责任、进取&lt;/p&gt;&lt;p style=&quot;text-align:left;&quot;&gt;&amp;nbsp;&lt;/p&gt;&lt;p style=&quot;text-align:left;&quot;&gt;【企业愿景】&amp;nbsp;&amp;nbsp;打造高科技含量、高文化附加值、高市场占有率，具&lt;/p&gt;&lt;p style=&quot;text-align:left;&quot;&gt;&amp;nbsp;&lt;/p&gt;&lt;p style=&quot;text-align:left;&quot;&gt;&amp;nbsp;&amp;nbsp;&amp;nbsp;&amp;nbsp;&amp;nbsp;&amp;nbsp;&amp;nbsp;&amp;nbsp;&amp;nbsp;&amp;nbsp;&amp;nbsp;&amp;nbsp;有强大竞争力的国内一流医药名牌企业&lt;/p&gt;&lt;p style=&quot;text-align:left;&quot;&gt;&amp;nbsp;&lt;/p&gt;&lt;p style=&quot;text-align:left;&quot;&gt;【企业精神】&amp;nbsp;&amp;nbsp;坚韧不拔、责任担当、勇于创新、追求卓越&lt;/p&gt;&lt;p style=&quot;text-align:left;&quot;&gt;&amp;nbsp;&lt;/p&gt;&lt;p style=&quot;text-align:left;&quot;&gt;【经营理念】&amp;nbsp;&amp;nbsp;为社会提供优质产品，为客户提供优质服务&lt;/p&gt;&lt;p&gt;&lt;br /&gt;&lt;/p&gt;'),
(47,	1207,	NULL,	1,	0,	0,	1,	1,	999,	1352476800,	1352476800,	'mobile',	'2012年北京吉英杰医药技术有限公司职工运动会圆满结束',	'',	'509e051be16a6.jpg',	'',	'',	'',	'',	'',	'',	'&lt;p class=&quot;p0&quot; style=&quot;text-indent:28px;text-autospace:ideograph-numeric;text-autospace:ideograph-other;text-align:justify;vertical-align:;margin-bottom:0px;margin-top:0px;&quot;&gt;为活跃总厂员工的业余文化生活，增强团队凝聚力，展现企业风采，广州白云山制药总厂在十月下旬至十一月上旬举办了职工运动会，11月2日下午，在总厂篮球场进行了拔河比赛决赛和广播体操比赛。白云区教育发展中心体育教研员林东葵，白云区教育发展中心体育教研会副会长谢国锋，白云区教育发展中心体育教研会会员吴智以及广药集团董事、副总经理、广州白云山制药总厂厂长陈矛，广州白云山制药总厂党委书记周志魁，工会主席黄健及副厂长朱少璇、郑丽真，副总工程师许春江等领导到现场观摩了比赛。&lt;/p&gt;&lt;p class=&quot;p0&quot; style=&quot;text-indent:28px;text-autospace:ideograph-numeric;text-autospace:ideograph-other;text-align:justify;vertical-align:;margin-bottom:0px;margin-top:0px;&quot;&gt;本次运动会包括广播体操、拔河和扑克牌拖拉机三项比赛，历经2个月的筹划、组织和实施，得到了全厂员工的积极响应，共有498名员工参加赛事。比赛中各部门认真组织，热情参与，遵守纪律。特别值得一提的是广播体操比赛，全厂各部门都积极参与，各队利用业余时间，组织员工进行训练。在长达一个多月的训练中，大家争先恐后，力争上游，不仅对于每个动作都力求规范整齐，在编排上力图新颖，同时也在服装上争奇斗艳。此次广播体操比赛，各队除了收获空前的凝聚力，还让员工学会了第八套广播体操，在训练中达到增强体质的目的，得到广大员工的肯定，获得众多好评。&lt;/p&gt;&lt;p class=&quot;p0&quot; style=&quot;text-indent:28px;text-autospace:ideograph-numeric;text-autospace:ideograph-other;text-align:justify;vertical-align:;margin-bottom:0px;margin-top:0px;&quot;&gt;这次运动会的成功举办，既加强了参赛队之间的交流，又联络了员工们的感情，增强了凝聚力，充分展示了总厂员工团结、激情、奋发向上的精神面貌。&lt;/p&gt;&lt;p&gt;&lt;img src=&quot;http://img.huyionline.cn/y00165513/images/ueditor/50471352533200.jpg&quot; style=&quot;float:none;&quot; title=&quot;20121191134103.jpg&quot; border=&quot;0&quot; hspace=&quot;0&quot; vspace=&quot;0&quot; /&gt;&lt;br /&gt;&lt;/p&gt;'),
(48,	1175,	NULL,	1,	0,	0,	1,	1,	999,	1352476800,	1352476800,	'zh-cn',	'国内首招博士后研制项目成首批研究课题',	'',	NULL,	'',	'',	'',	'',	'',	'',	'&lt;p class=&quot;p0&quot; style=&quot;text-indent:28px;text-align:left;margin-bottom:0px;margin-top:0px;&quot;&gt;“诺奖得主”“伟哥之父”穆拉德国内首招博士后&amp;nbsp;北京吉英杰医药技术有限公司“伟哥”研制项目成首批研究课题&lt;br /&gt;&lt;/p&gt;&lt;p class=&quot;p0&quot; style=&quot;text-indent:28px;text-align:left;margin-bottom:0px;margin-top:0px;&quot;&gt;2012年9月22日上午，“&amp;nbsp;北京吉英杰医药技术有限公司聘任俄罗斯院士暨穆拉德院长联合培养博士后”签约仪式在北京国际会议中心举行。1998年诺贝尔生理医学奖得主、“伟哥之父”、中国科学院外籍院士、院长弗里德•穆拉德博士作为广药集团博士后科研工作站的指导老师，并与北京市四大高校博士后科研流动站正式签约联合培养博士后。&lt;/p&gt;&lt;p class=&quot;p0&quot; style=&quot;text-indent:28px;text-align:left;margin-bottom:0px;margin-top:0px;&quot;&gt;据悉，这是穆拉德在国内首次招收博士后，&amp;nbsp;北京吉英杰医药技术有限公司药研所副所长王健松博士成为广药集团下属4位入站的博士之一。&amp;nbsp;北京吉英杰医药技术有限公司《枸橼酸西地那非原料药及片剂（俗称“伟哥”）的研制》项目成为穆拉德带领博士后进站的首批研究课题之一。&lt;/p&gt;&lt;p&gt;&lt;br /&gt;&lt;/p&gt;'),
(49,	1207,	NULL,	1,	0,	0,	1,	1,	999,	1352476800,	1352476800,	'mobile',	'国内首招博士后研制项目成首批研究课题',	'',	NULL,	'',	'',	'',	'',	'',	'',	'&lt;p class=&quot;p0&quot; style=&quot;text-indent:28px;text-align:left;margin-bottom:0px;margin-top:0px;&quot;&gt;“诺奖得主”“伟哥之父”穆拉德国内首招博士后&amp;nbsp;北京吉英杰医药技术有限公司“伟哥”研制项目成首批研究课题&lt;br /&gt;&lt;/p&gt;&lt;p class=&quot;p0&quot; style=&quot;text-indent:28px;text-align:left;margin-bottom:0px;margin-top:0px;&quot;&gt;2012年9月22日上午，“&amp;nbsp;北京吉英杰医药技术有限公司聘任俄罗斯院士暨穆拉德院长联合培养博士后”签约仪式在北京国际会议中心举行。1998年诺贝尔生理医学奖得主、“伟哥之父”、中国科学院外籍院士、院长弗里德•穆拉德博士作为广药集团博士后科研工作站的指导老师，并与北京市四大高校博士后科研流动站正式签约联合培养博士后。&lt;/p&gt;&lt;p class=&quot;p0&quot; style=&quot;text-indent:28px;text-align:left;margin-bottom:0px;margin-top:0px;&quot;&gt;据悉，这是穆拉德在国内首次招收博士后，&amp;nbsp;北京吉英杰医药技术有限公司药研所副所长王健松博士成为广药集团下属4位入站的博士之一。&amp;nbsp;北京吉英杰医药技术有限公司《枸橼酸西地那非原料药及片剂（俗称“伟哥”）的研制》项目成为穆拉德带领博士后进站的首批研究课题之一。&lt;/p&gt;&lt;p&gt;&lt;br /&gt;&lt;/p&gt;'),
(53,	1176,	NULL,	1,	0,	0,	1,	1,	999,	1352476800,	1352476800,	'zh-cn',	'北京吉英杰医药技术有限公司开展节前系列慰问活动',	'',	NULL,	'',	'',	'',	'',	'',	'',	'&lt;p class=&quot;p0&quot; style=&quot;text-indent:28px;text-align:left;margin-bottom:0px;margin-top:0px;&quot;&gt;在中秋、国庆双节来临之际，总厂发扬爱心满人间的优良传统，于节前慰问了118名病困员工、困难党员，向他们发放了慰问品或慰问金，送去节日的问候和祝福。总厂还慰问了退休老领导、劳动模范，并为全体员工发放了节日慰问品。&lt;/p&gt;&lt;p class=&quot;p0&quot; style=&quot;text-indent:28px;text-align:left;margin-bottom:0px;margin-top:0px;&quot;&gt;9月28日，北京吉英杰医药技术有限公司集团董事、副总经理、总厂厂长陈矛及相关人员来到重病初愈的保卫部副部长钟绍伦家中，鼓励他以良好的心态战胜疾病，早日恢复健康，同时送上节日慰问品和慰问金；总厂党委书记周志魁、工会主席黄健也先后到退休党员张霖和及一部员工苏镜辉的家中进行了慰问，鼓励他们以良好的心态面对疾病，坚强生活。&lt;/p&gt;&lt;p&gt;&lt;img src=&quot;http://img.huyionline.cn/y00165513/images/ueditor/56901352534264.jpg&quot; style=&quot;float:none;&quot; title=&quot;2012109830765.jpg&quot; border=&quot;0&quot; hspace=&quot;0&quot; vspace=&quot;0&quot; /&gt;&lt;br /&gt;&lt;/p&gt;'),
(54,	1208,	NULL,	1,	0,	0,	1,	1,	999,	1352476800,	1352476800,	'mobile',	'北京吉英杰医药技术有限公司开展节前系列慰问活动',	'',	NULL,	'',	'',	'',	'',	'',	'',	'&lt;p class=&quot;p0&quot; style=&quot;text-indent:28px;text-align:left;margin-bottom:0px;margin-top:0px;&quot;&gt;在中秋、国庆双节来临之际，总厂发扬爱心满人间的优良传统，于节前慰问了118名病困员工、困难党员，向他们发放了慰问品或慰问金，送去节日的问候和祝福。总厂还慰问了退休老领导、劳动模范，并为全体员工发放了节日慰问品。&lt;/p&gt;&lt;p class=&quot;p0&quot; style=&quot;text-indent:28px;text-align:left;margin-bottom:0px;margin-top:0px;&quot;&gt;9月28日，北京吉英杰医药技术有限公司集团董事、副总经理、总厂厂长陈矛及相关人员来到重病初愈的保卫部副部长钟绍伦家中，鼓励他以良好的心态战胜疾病，早日恢复健康，同时送上节日慰问品和慰问金；总厂党委书记周志魁、工会主席黄健也先后到退休党员张霖和及一部员工苏镜辉的家中进行了慰问，鼓励他们以良好的心态面对疾病，坚强生活。&lt;/p&gt;&lt;p&gt;&lt;img src=&quot;http://img.huyionline.cn/y00165513/images/ueditor/56901352534264.jpg&quot; style=&quot;float:none;&quot; title=&quot;2012109830765.jpg&quot; border=&quot;0&quot; hspace=&quot;0&quot; vspace=&quot;0&quot; /&gt;&lt;br /&gt;&lt;/p&gt;'),
(51,	1176,	NULL,	1,	0,	0,	1,	1,	999,	1352476800,	1352476800,	'zh-cn',	'北京吉英杰医药技术有限公司顺利召开第四届二次职工代表大会',	'',	NULL,	'',	'',	'',	'',	'',	'',	'&lt;p class=&quot;p0&quot; style=&quot;text-indent:28px;text-align:left;margin-bottom:0px;margin-top:0px;&quot;&gt;北京吉英杰医药技术有限公司&amp;nbsp;第四届二次职工代表大会于2012年8月10日召开。本次大会的主题是：抓好质量提升，给力转型超越，为集团实现400亿工程做贡献！大会分别听取了周志魁同志作的2012年上半年总厂工作报告、黄健同志作的2012年上半年工会工作报告、李翠薇同志作的2012年上半年总厂财务工作报告以及工会财务工作报告，大会以票决的方式通过了2012年总厂工资集体协商协议。&lt;/p&gt;&lt;p class=&quot;p0&quot; style=&quot;text-indent:28px;text-align:left;margin-bottom:0px;margin-top:0px;&quot;&gt;与会代表一致认为，总厂在全体员工的共同努力下，把握机遇，与时俱进，深化改革，锐意创新，使总厂生产经营规模不断扩大，精神文明建设也取得同步发展，总厂的综合实力和社会形象也都得到显著提升。总厂工会团结带领广大会员，认真维护职工权益，努力构建和谐企业，为总厂的发展发挥重要作用。&lt;/p&gt;&lt;p class=&quot;p0&quot; style=&quot;text-indent:28px;text-align:left;margin-bottom:0px;margin-top:0px;&quot;&gt;大会号召，总厂各级工会组织和全体会员要紧密团结在总厂领导班子周围，团结一致、坚定信心、锐意进取、争创佳绩，持续推进总厂改革创新，努力构建和谐安定新局面，将总厂提出的下半年工作要求落到实处，按照集团“136”发展战略、“11X”发展模式，为集团实现400亿工程目标，为早日把总厂打造成为高科技含量、高文化附加值、高市场占有率、具有强大竞争力的一流医药名牌企业而奋斗！&lt;/p&gt;&lt;p&gt;&lt;img src=&quot;http://img.huyionline.cn/y00165513/images/ueditor/75991352533988.jpg&quot; style=&quot;float:none;&quot; title=&quot;20128131420640.jpg&quot; border=&quot;0&quot; hspace=&quot;0&quot; vspace=&quot;0&quot; /&gt;&lt;br /&gt;&lt;/p&gt;'),
(52,	1208,	NULL,	1,	0,	0,	1,	1,	999,	1352476800,	1352476800,	'mobile',	'北京吉英杰医药技术有限公司顺利召开第四届二次职工代表大会',	'',	NULL,	'',	'',	'',	'',	'',	'',	'&lt;p class=&quot;p0&quot; style=&quot;text-indent:28px;text-align:left;margin-bottom:0px;margin-top:0px;&quot;&gt;北京吉英杰医药技术有限公司&amp;nbsp;第四届二次职工代表大会于2012年8月10日召开。本次大会的主题是：抓好质量提升，给力转型超越，为集团实现400亿工程做贡献！大会分别听取了周志魁同志作的2012年上半年总厂工作报告、黄健同志作的2012年上半年工会工作报告、李翠薇同志作的2012年上半年总厂财务工作报告以及工会财务工作报告，大会以票决的方式通过了2012年总厂工资集体协商协议。&lt;/p&gt;&lt;p class=&quot;p0&quot; style=&quot;text-indent:28px;text-align:left;margin-bottom:0px;margin-top:0px;&quot;&gt;与会代表一致认为，总厂在全体员工的共同努力下，把握机遇，与时俱进，深化改革，锐意创新，使总厂生产经营规模不断扩大，精神文明建设也取得同步发展，总厂的综合实力和社会形象也都得到显著提升。总厂工会团结带领广大会员，认真维护职工权益，努力构建和谐企业，为总厂的发展发挥重要作用。&lt;/p&gt;&lt;p class=&quot;p0&quot; style=&quot;text-indent:28px;text-align:left;margin-bottom:0px;margin-top:0px;&quot;&gt;大会号召，总厂各级工会组织和全体会员要紧密团结在总厂领导班子周围，团结一致、坚定信心、锐意进取、争创佳绩，持续推进总厂改革创新，努力构建和谐安定新局面，将总厂提出的下半年工作要求落到实处，按照集团“136”发展战略、“11X”发展模式，为集团实现400亿工程目标，为早日把总厂打造成为高科技含量、高文化附加值、高市场占有率、具有强大竞争力的一流医药名牌企业而奋斗！&lt;/p&gt;&lt;p&gt;&lt;img src=&quot;http://img.huyionline.cn/y00165513/images/ueditor/75991352533988.jpg&quot; style=&quot;float:none;&quot; title=&quot;20128131420640.jpg&quot; border=&quot;0&quot; hspace=&quot;0&quot; vspace=&quot;0&quot; /&gt;&lt;br /&gt;&lt;/p&gt;'),
(55,	1177,	NULL,	1,	0,	0,	1,	1,	999,	1352476800,	1352476800,	'zh-cn',	'王老吉成为中国第29次南极科学考察队唯一指定饮品',	'',	NULL,	'',	'',	'',	'',	'',	'',	'&lt;p class=&quot;p0&quot; style=&quot;text-indent:28px;text-align:left;margin-bottom:0px;margin-top:0px;&quot;&gt;2012年11月4日晚，，广州市政府在广州长隆大酒店举办盛大招待会，热烈欢送中国第29次南极考察队出征南极科考。北京吉英杰医药技术有限公司受邀参加了招待会，红罐王老吉凉茶成为中国第29次南极科学考察队唯一指定饮品，伴随科考勇士，登上雪龙号，出征南极。广药集团副总经理倪依东代表广药集团向考察队捐赠了2万罐王老吉，祝愿科考队在出征南极中乘风破浪，勇往无前，一路吉祥，圆满成功！中国第29次南极科学考察队副领队孙波，代表全体科考队对广药集团的大力支持表示感谢和赞赏，对广药集团将王老吉打造成中国可口可乐的目标表示欣赏和充满信心。至此，广药集团共计为本次中国南极科考事业赞助现金50万元及王老吉产品20万元。国家海洋局副局长陈连增，中共广州市委常委、南沙区委书记丁红都，中国第29次南极科学考察队副领队孙波等领导出席招待会。广州市人民政府副秘书长周灵主持会议。&lt;/p&gt;&lt;p class=&quot;p0&quot; style=&quot;text-indent:28px;text-align:left;margin-bottom:0px;margin-top:0px;&quot;&gt;广药集团对支持中国南极科考事业十分重视，早在2天前的11月2日，广药集团总经理助理黎洪专程出席参加了对南极科考船雪龙号及全体队员来到广州的欢迎会。而作为中国第29次南极科学考察队唯一指定饮品的王老吉，是始创于1828年的凉茶始祖，为国内最高寿的凉茶品牌，品牌价值高达1080亿元，是目前中国第一品牌。在此前的“南粤幸福活动周”的幸福大集市上，中共中央政治局委员、广东省委书记汪洋曾亲切寄语广药集团总经理李楚源，希望广药集团把“王老吉”打造成中国的“可口可乐”。此次王老吉成为中国第29次南极科学考察队唯一指定饮品，再次引起业界欣赏和关注。南极科考需要队员强健的体魄，队员的饮料讲究质量和功能。科考队选择了王老吉，表现出科考队对民族品牌的信心。&lt;/p&gt;&lt;p class=&quot;p0&quot; style=&quot;text-indent:28px;text-align:left;margin-bottom:0px;margin-top:0px;&quot;&gt;欢送招待会后，中国第29次南极考察队带着王老吉，带上广药集团的祝福，登上“雪龙号”科考船，从广州起航前往南极，开始了新的考察征程。&lt;/p&gt;&lt;p&gt;&lt;img src=&quot;http://img.huyionline.cn/y00165513/images/ueditor/12251352534800.jpg&quot; style=&quot;float:none;&quot; title=&quot;gpc20121104_wlj_a.jpg&quot; border=&quot;0&quot; hspace=&quot;0&quot; vspace=&quot;0&quot; /&gt;&lt;br /&gt;&lt;/p&gt;'),
(56,	1209,	NULL,	1,	0,	0,	1,	1,	999,	1352476800,	1352476800,	'mobile',	'王老吉成为中国第29次南极科学考察队唯一指定饮品',	'',	NULL,	'',	'',	'',	'',	'',	'',	'&lt;p class=&quot;p0&quot; style=&quot;text-indent:28px;text-align:left;margin-bottom:0px;margin-top:0px;&quot;&gt;2012年11月4日晚，，广州市政府在广州长隆大酒店举办盛大招待会，热烈欢送中国第29次南极考察队出征南极科考。北京吉英杰医药技术有限公司受邀参加了招待会，红罐王老吉凉茶成为中国第29次南极科学考察队唯一指定饮品，伴随科考勇士，登上雪龙号，出征南极。广药集团副总经理倪依东代表广药集团向考察队捐赠了2万罐王老吉，祝愿科考队在出征南极中乘风破浪，勇往无前，一路吉祥，圆满成功！中国第29次南极科学考察队副领队孙波，代表全体科考队对广药集团的大力支持表示感谢和赞赏，对广药集团将王老吉打造成中国可口可乐的目标表示欣赏和充满信心。至此，广药集团共计为本次中国南极科考事业赞助现金50万元及王老吉产品20万元。国家海洋局副局长陈连增，中共广州市委常委、南沙区委书记丁红都，中国第29次南极科学考察队副领队孙波等领导出席招待会。广州市人民政府副秘书长周灵主持会议。&lt;/p&gt;&lt;p class=&quot;p0&quot; style=&quot;text-indent:28px;text-align:left;margin-bottom:0px;margin-top:0px;&quot;&gt;广药集团对支持中国南极科考事业十分重视，早在2天前的11月2日，广药集团总经理助理黎洪专程出席参加了对南极科考船雪龙号及全体队员来到广州的欢迎会。而作为中国第29次南极科学考察队唯一指定饮品的王老吉，是始创于1828年的凉茶始祖，为国内最高寿的凉茶品牌，品牌价值高达1080亿元，是目前中国第一品牌。在此前的“南粤幸福活动周”的幸福大集市上，中共中央政治局委员、广东省委书记汪洋曾亲切寄语广药集团总经理李楚源，希望广药集团把“王老吉”打造成中国的“可口可乐”。此次王老吉成为中国第29次南极科学考察队唯一指定饮品，再次引起业界欣赏和关注。南极科考需要队员强健的体魄，队员的饮料讲究质量和功能。科考队选择了王老吉，表现出科考队对民族品牌的信心。&lt;/p&gt;&lt;p class=&quot;p0&quot; style=&quot;text-indent:28px;text-align:left;margin-bottom:0px;margin-top:0px;&quot;&gt;欢送招待会后，中国第29次南极考察队带着王老吉，带上广药集团的祝福，登上“雪龙号”科考船，从广州起航前往南极，开始了新的考察征程。&lt;/p&gt;&lt;p&gt;&lt;img src=&quot;http://img.huyionline.cn/y00165513/images/ueditor/12251352534800.jpg&quot; style=&quot;float:none;&quot; title=&quot;gpc20121104_wlj_a.jpg&quot; border=&quot;0&quot; hspace=&quot;0&quot; vspace=&quot;0&quot; /&gt;&lt;br /&gt;&lt;/p&gt;'),
(57,	1177,	NULL,	1,	0,	0,	1,	1,	999,	1352476800,	1352476800,	'zh-cn',	'《人民日报》知名记者朱建华专程指导宣传再上新台阶',	'',	NULL,	'',	'',	'',	'',	'',	'',	'&lt;p class=&quot;p0&quot; style=&quot;text-indent:32px;text-align:left;margin-bottom:0px;margin-top:0px;&quot;&gt;2012年11月8日，在全国人民喜迎党的十八大胜利召开的日子，领导高度重视和赞赏的《人民日报》知名专栏记者朱建华来到&lt;span style=&quot;text-align:justify;text-indent:28px;&quot;&gt;北京吉英杰医药技术有限公司&lt;/span&gt;&lt;span style=&quot;text-indent:32px;&quot;&gt;编辑部，对公司编辑部采编人员进行了悉心的指导，自强不息，勇于转型，敢于超越，取得了骄人的业绩和众多的荣誉，在强手如林的中国企业500强中跻身在277位，勇夺“中国医药工业企业百强榜”第1名，2012年工商销售收入将取得420亿元历史性的突破，并豪情壮志地立下了在2013年“大南药大健康双轮驱动，500强500亿奏响强音”誓言表示高度的赞赏；对广药集团认真和积极践行“厚于德，诚于信，敏于行”的北京人精神，为捍卫人民群众的生命健康，避免民族健康权被跨国医药外企巨头所垄断，以及集团总经理李楚源所提出的中医药领域必须“让世界与中国接轨”的非典型创新的思维表示深深的敬佩；对药网自创办以来，围绕“爱心满人间”的企业理念所进行的全方位、大纵深、广角度的宣传报道给予充分的肯定，认为集团的宣传工作真真正正地起到“对内凝聚人心鼓舞士气、对外树立品牌扩大影响”的积极作用，亮点相当突出，成绩相当喜人，前景无限广阔。&lt;/span&gt;&lt;/p&gt;&lt;p class=&quot;p0&quot; style=&quot;text-indent:32px;text-align:left;margin-bottom:0px;margin-top:0px;&quot;&gt;朱建华是《人民日报》海外版知名专栏记者，其作品以大气磅礴、激情澎湃、思想深邃见称，其所写的《大道无边——汪海的中国布尔什维克市场经济之道》《太阳升起——苗连生于中国新能源“英利模式”》等报告文学在国内外引起极大反响，曾获许嘉路、陈昌智等领导、学者的批示和赞赏。&lt;/p&gt;&lt;p class=&quot;p0&quot; style=&quot;text-indent:32px;text-align:left;margin-bottom:0px;margin-top:0px;&quot;&gt;朱建华记者的到访和指导，对公司编辑部以很大的鼓舞，我们将会继续努力发挥“对内凝聚人心鼓舞士气、对外树立品牌扩大影响”的积极作用，为集团“转型超越，打造中国新兴产业龙头企业”营造良好的舆论环境，为集团实现大南药大健康双轮驱动，完成500强500亿的目标奏响最强音。&lt;/p&gt;&lt;p class=&quot;p0&quot; style=&quot;text-indent:32px;text-align:left;margin-bottom:0px;margin-top:0px;&quot;&gt;&lt;img src=&quot;http://img.huyionline.cn/y00165513/images/ueditor/84701352535223.jpg&quot; style=&quot;float:none;&quot; title=&quot;gpc20121108_zjh.jpg&quot; border=&quot;0&quot; hspace=&quot;0&quot; vspace=&quot;0&quot; /&gt;&lt;br /&gt;&lt;/p&gt;&lt;p&gt;&lt;br /&gt;&lt;/p&gt;'),
(58,	1209,	NULL,	1,	0,	0,	1,	1,	999,	1352476800,	1352476800,	'mobile',	'《人民日报》知名记者朱建华专程指导宣传再上新台阶',	'',	NULL,	'',	'',	'',	'',	'',	'',	'&lt;p class=&quot;p0&quot; style=&quot;text-indent:32px;text-align:left;margin-bottom:0px;margin-top:0px;&quot;&gt;2012年11月8日，在全国人民喜迎党的十八大胜利召开的日子，领导高度重视和赞赏的《人民日报》知名专栏记者朱建华来到&lt;span style=&quot;text-align:justify;text-indent:28px;&quot;&gt;北京吉英杰医药技术有限公司&lt;/span&gt;&lt;span style=&quot;text-indent:32px;&quot;&gt;编辑部，对公司编辑部采编人员进行了悉心的指导，自强不息，勇于转型，敢于超越，取得了骄人的业绩和众多的荣誉，在强手如林的中国企业500强中跻身在277位，勇夺“中国医药工业企业百强榜”第1名，2012年工商销售收入将取得420亿元历史性的突破，并豪情壮志地立下了在2013年“大南药大健康双轮驱动，500强500亿奏响强音”誓言表示高度的赞赏；对广药集团认真和积极践行“厚于德，诚于信，敏于行”的北京人精神，为捍卫人民群众的生命健康，避免民族健康权被跨国医药外企巨头所垄断，以及集团总经理李楚源所提出的中医药领域必须“让世界与中国接轨”的非典型创新的思维表示深深的敬佩；对药网自创办以来，围绕“爱心满人间”的企业理念所进行的全方位、大纵深、广角度的宣传报道给予充分的肯定，认为集团的宣传工作真真正正地起到“对内凝聚人心鼓舞士气、对外树立品牌扩大影响”的积极作用，亮点相当突出，成绩相当喜人，前景无限广阔。&lt;/span&gt;&lt;/p&gt;&lt;p class=&quot;p0&quot; style=&quot;text-indent:32px;text-align:left;margin-bottom:0px;margin-top:0px;&quot;&gt;朱建华是《人民日报》海外版知名专栏记者，其作品以大气磅礴、激情澎湃、思想深邃见称，其所写的《大道无边——汪海的中国布尔什维克市场经济之道》《太阳升起——苗连生于中国新能源“英利模式”》等报告文学在国内外引起极大反响，曾获许嘉路、陈昌智等领导、学者的批示和赞赏。&lt;/p&gt;&lt;p class=&quot;p0&quot; style=&quot;text-indent:32px;text-align:left;margin-bottom:0px;margin-top:0px;&quot;&gt;朱建华记者的到访和指导，对公司编辑部以很大的鼓舞，我们将会继续努力发挥“对内凝聚人心鼓舞士气、对外树立品牌扩大影响”的积极作用，为集团“转型超越，打造中国新兴产业龙头企业”营造良好的舆论环境，为集团实现大南药大健康双轮驱动，完成500强500亿的目标奏响最强音。&lt;/p&gt;&lt;p class=&quot;p0&quot; style=&quot;text-indent:32px;text-align:left;margin-bottom:0px;margin-top:0px;&quot;&gt;&lt;img src=&quot;http://img.huyionline.cn/y00165513/images/ueditor/84701352535223.jpg&quot; style=&quot;float:none;&quot; title=&quot;gpc20121108_zjh.jpg&quot; border=&quot;0&quot; hspace=&quot;0&quot; vspace=&quot;0&quot; /&gt;&lt;br /&gt;&lt;/p&gt;&lt;p&gt;&lt;br /&gt;&lt;/p&gt;'),
(31,	1261,	NULL,	1,	0,	0,	0,	1,	999,	1352532599,	1351239697,	'mobile',	'荣誉资质',	NULL,	NULL,	NULL,	NULL,	'',	'',	'',	'',	'&lt;p&gt;201204北京吉英杰医药技术有限公司被评为全国安全建设示范企业。&lt;br /&gt;&lt;/p&gt;&lt;p&gt;&lt;img src=&quot;http://img.huyionline.cn/y00165513/images/ueditor/37181352532589.jpg&quot; style=&quot;float:none;&quot; title=&quot;55.jpg&quot; border=&quot;0&quot; hspace=&quot;0&quot; vspace=&quot;0&quot; /&gt;&lt;br /&gt;&lt;/p&gt;'),
(32,	1172,	NULL,	1,	0,	0,	0,	1,	999,	1352532599,	1351239713,	'zh-cn',	'荣誉资质',	NULL,	'',	NULL,	NULL,	'',	'',	'',	'',	'&lt;p&gt;201204北京吉英杰医药技术有限公司被评为全国安全建设示范企业。&lt;br /&gt;&lt;/p&gt;&lt;p&gt;&lt;img src=&quot;http://img.huyionline.cn/y00165513/images/ueditor/37181352532589.jpg&quot; style=&quot;float:none;&quot; title=&quot;55.jpg&quot; border=&quot;0&quot; hspace=&quot;0&quot; vspace=&quot;0&quot; /&gt;&lt;br /&gt;&lt;/p&gt;'),
(33,	1264,	NULL,	1,	0,	0,	0,	1,	999,	1351687826,	1351687826,	'zh-tw',	'繁-公司简介',	NULL,	NULL,	NULL,	NULL,	'繁-公司简介繁-公司简介繁-公司简介繁-公司简介繁-公司简介繁-公司简介繁-公司简介繁-公司简介繁-公司简介繁-公司简介',	'',	'',	'',	'&lt;p&gt;繁-公司简介繁-公司简介繁-公司简介繁-公司简介繁-公司简介&lt;br /&gt;&lt;/p&gt;'),
(34,	1265,	NULL,	1,	0,	0,	0,	1,	999,	1351687861,	1351687861,	'zh-tw',	'繁-经营理念',	NULL,	NULL,	NULL,	NULL,	'',	'',	'',	'',	'&lt;p&gt;繁-经营理念繁-经营理念繁-经营理念繁-经营理念繁-经营理念繁-经营理念&lt;br /&gt;&lt;/p&gt;'),
(35,	1266,	NULL,	1,	0,	0,	0,	1,	999,	1351687875,	1351687875,	'zh-tw',	'繁-荣誉资质',	NULL,	NULL,	NULL,	NULL,	'',	'',	'',	'',	'&lt;p&gt;繁-荣誉资质繁-荣誉资质繁-荣誉资质繁-荣誉资质繁-荣誉资质繁-荣誉资质繁-荣誉资质&lt;br /&gt;&lt;/p&gt;'),
(36,	1272,	NULL,	1,	0,	0,	0,	1,	999,	1351687921,	1351687921,	'zh-tw',	'繁-电子地图',	NULL,	NULL,	NULL,	NULL,	'',	'',	'',	'',	'&lt;p&gt;繁-电子地图内容&lt;br /&gt;&lt;/p&gt;'),
(37,	1268,	NULL,	1,	0,	0,	0,	1,	999,	1351687935,	1351687935,	'en-us',	'Company ProfileCompany Profile',	NULL,	NULL,	NULL,	NULL,	'',	'',	'',	'',	'&lt;p&gt;Company&amp;nbsp;ProfileCompany&amp;nbsp;ProfileCompany&amp;nbsp;ProfileCompany&amp;nbsp;Profile&lt;br /&gt;&lt;/p&gt;'),
(38,	1269,	NULL,	1,	0,	0,	0,	1,	999,	1351687942,	1351687942,	'en-us',	'Business',	NULL,	NULL,	NULL,	NULL,	'',	'',	'',	'',	'&lt;p&gt;Business&amp;nbsp;Business&amp;nbsp;Business&amp;nbsp;Business&amp;nbsp;Business&amp;nbsp;&lt;br /&gt;&lt;/p&gt;'),
(39,	1270,	NULL,	1,	0,	0,	0,	1,	999,	1351687949,	1351687949,	'en-us',	'Honors',	NULL,	NULL,	NULL,	NULL,	'',	'',	'',	'',	'&lt;p&gt;Honors&amp;nbsp;Honors&amp;nbsp;Honors&amp;nbsp;Honors&amp;nbsp;Honors&amp;nbsp;&lt;br /&gt;&lt;/p&gt;'),
(40,	1273,	NULL,	1,	0,	0,	0,	1,	999,	1351687958,	1351687958,	'en-us',	'Map',	NULL,	NULL,	NULL,	NULL,	'',	'',	'',	'',	'&lt;p&gt;MapMapMapMapMapMapMap&lt;br /&gt;&lt;/p&gt;'),
(41,	1275,	NULL,	1,	0,	0,	1,	1,	999,	1351612800,	1351612800,	'zh-tw',	'繁-最新活动',	'',	NULL,	'',	'',	'',	'',	'',	'',	'&lt;p&gt;繁-最新活动繁-最新活动繁-最新活动繁-最新活动繁-最新活动繁-最新活动&lt;br /&gt;&lt;/p&gt;'),
(42,	1276,	NULL,	1,	0,	0,	1,	1,	999,	1351612800,	1351612800,	'zh-tw',	'繁-公司新闻',	'',	NULL,	'',	'',	'',	'',	'',	'',	'&lt;p&gt;繁-公司新闻繁-公司新闻繁-公司新闻繁-公司新闻繁-公司新闻繁-公司新闻&lt;br /&gt;&lt;/p&gt;'),
(43,	1275,	NULL,	1,	0,	0,	1,	1,	999,	1351612800,	1351612800,	'zh-tw',	'繁-最新活动',	'',	NULL,	'',	'',	'',	'',	'',	'',	'&lt;p&gt;繁-最新活动繁-最新活动繁-最新活动繁-最新活动繁-最新活动&lt;br /&gt;&lt;/p&gt;'),
(44,	1277,	NULL,	1,	0,	0,	1,	1,	999,	1351612800,	1351612800,	'zh-tw',	'繁-行业资讯',	'',	NULL,	'',	'',	'',	'',	'',	'',	'&lt;p&gt;繁-行业资讯繁-行业资讯繁-行业资讯繁-行业资讯繁-行业资讯繁-行业资讯&lt;br /&gt;&lt;/p&gt;'),
(45,	1242,	NULL,	1,	0,	0,	0,	1,	999,	1351740866,	1351740866,	'zh-cn',	'',	NULL,	NULL,	NULL,	NULL,	'',	'',	'',	'',	'&lt;p&gt;&lt;img src=&quot;http://api.map.baidu.com/staticimage?center=116.403874,39.914889&amp;amp;zoom=13&amp;amp;width=520&amp;amp;height=340&amp;amp;markers=116.403874,39.914889&quot; height=&quot;340&quot; width=&quot;520&quot; /&gt;&lt;br /&gt;&lt;/p&gt;');

INSERT INTO `y_part` (`id`, `pid`, `orderNum`, `lang`, `title`, `url`, `description`, `is_publish`, `nowModule`, `alias`) VALUES
(17,	0,	10,	'zh-cn',	'网站首页',	'/index.php',	'',	1,	'',	''),
(18,	0,	10,	'zh-cn',	'企业简介',	'__APP__/About',	'',	1,	'',	''),
(19,	0,	10,	'zh-cn',	'新闻动态',	'__APP__/News',	'',	1,	'',	''),
(20,	0,	10,	'zh-cn',	'产品展示',	'__APP__/Goods',	'',	1,	'',	''),
(21,	0,	10,	'zh-cn',	'服务网点',	'__APP__/Market',	'',	1,	'',	''),
(22,	0,	10,	'zh-cn',	'人才招聘',	'__APP__/Job/show',	'',	1,	'Job',	''),
(23,	0,	10,	'zh-cn',	'招商加盟',	'__APP__/Join',	'',	0,	'',	''),
(24,	0,	10,	'zh-cn',	'在线留言',	'__APP__/Guestbook',	'',	1,	'',	''),
(25,	0,	10,	'zh-cn',	'联系我们',	'__APP__/Contact',	'',	1,	'',	''),
(26,	0,	10,	'zh-cn',	'经营理念',	'__APP__/About/index/cid/1171.html',	'',	0,	'',	''),
(27,	0,	10,	'mobile',	'关于我们',	'__APP__/About',	'',	1,	'',	'About/index'),
(29,	0,	10,	'mobile',	'产品展示',	'__APP__/Goods',	'',	1,	'',	'Goods/index'),
(30,	0,	10,	'mobile',	'新闻动态',	'__APP__/News',	'',	1,	'',	'News/index'),
(31,	0,	10,	'mobile',	'营销网络',	'__APP__/Market',	'',	1,	'',	''),
(32,	0,	10,	'mobile',	'在线留言',	'/index.php/Message',	'',	1,	'',	''),
(33,	0,	10,	'mobile',	'联系方式',	'__APP__/Contact',	'',	1,	'',	''),
(34,	0,	10,	'mobile',	'企业微博',	'__APP__/Weibo',	'',	1,	'',	''),
(35,	0,	10,	'zh-cn',	'企业微博',	'__APP__/Weibo',	'',	1,	'',	''),
(36,	0,	10,	'zh-tw',	'网站首页',	'__APP__',	'',	0,	'',	''),
(37,	0,	10,	'zh-tw',	'企業簡介',	'__APP__/About',	'',	1,	'',	''),
(38,	0,	10,	'zh-tw',	'新聞動態',	'__APP__/News',	'',	1,	'',	''),
(39,	0,	10,	'zh-tw',	'產品展示',	'__APP__/Goods',	'',	1,	'',	''),
(40,	0,	10,	'zh-tw',	'服務網點',	'__APP__/Market',	'',	1,	'',	''),
(41,	0,	10,	'zh-tw',	'人才招聘',	'__APP__/Job/show',	'',	1,	'Job',	''),
(42,	0,	10,	'zh-tw',	'招商加盟',	'__APP__/Join',	'',	0,	'',	''),
(43,	0,	10,	'zh-tw',	'在線留言',	'__APP__/Guestbook',	'',	1,	'',	''),
(44,	0,	10,	'zh-tw',	'聯繫我們',	'__APP__/Contact',	'',	1,	'',	''),
(45,	0,	10,	'zh-tw',	'经营理念',	'__APP__/About/index/cid/1171.html',	'',	0,	'',	''),
(46,	0,	10,	'zh-tw',	'企業微博',	'__APP__/Weibo',	'',	1,	'',	''),
(47,	0,	10,	'en-us',	'网站首页',	'__APP__',	'',	0,	'',	''),
(48,	0,	10,	'en-us',	'Profile',	'__APP__/About',	'',	1,	'',	''),
(49,	0,	10,	'en-us',	'News',	'__APP__/News',	'',	1,	'',	''),
(50,	0,	10,	'en-us',	'Products',	'__APP__/Goods',	'',	1,	'',	''),
(51,	0,	10,	'en-us',	'Service',	'__APP__/Market',	'',	1,	'',	''),
(52,	0,	10,	'en-us',	'Recruitment',	'__APP__/Job/show',	'',	1,	'Job',	''),
(53,	0,	10,	'en-us',	'Join',	'__APP__/Join',	'',	0,	'',	''),
(54,	0,	10,	'en-us',	'Feedback',	'__APP__/Guestbook',	'',	1,	'',	''),
(55,	0,	10,	'en-us',	'Contact',	'__APP__/Contact',	'',	1,	'',	''),
(56,	0,	10,	'en-us',	'经营理念',	'__APP__/About/index/cid/1171.html',	'',	0,	'',	''),
(57,	0,	10,	'en-us',	'Weibo',	'__APP__/Weibo',	'',	1,	'',	'');





INSERT INTO `y_system` (`id`, `my_id`, `theme`, `lang`, `linkman`, `company`, `telephone`, `fax`, `postcode`, `address`, `image`, `app_logo`, `email`, `website`, `domain`, `copyright`, `credible`, `icpnumber`, `seo_title`, `seo_keywords`, `seo_description`, `email_smtp_host`, `email_smtp_port`, `email_username`, `email_password`, `email_subject`, `email_address`, `email_auto`, `sina_wb_url`, `qq_wb_url`, `weibo_type`, `weibo_plug`, `is_share`, `share_plug`, `is_twoCode`) VALUES
(1,	NULL,	NULL,	'zh-cn',	'吉玲',	'北京吉英杰医药技术有限公司',	'010-81429241',	'010-81429241',	'100021',	'北京市朝阳区华威南路华辉苑A座1808室 ',	'5088e6e4bfb27.png',	NULL,	'admin@Abc.com',	'北京吉英杰医药技术有限公司',	'',	'2012版权所有  北京吉英杰医药技术有限公司',	NULL,	'',	'北京吉英杰医药技术有限公司',	'北京吉英杰医药技术有限公司',	'北京吉英杰医药技术有限公司',	NULL,	NULL,	NULL,	NULL,	NULL,	NULL,	NULL,	NULL,	NULL,	NULL,	NULL,	1,	NULL,	1),
(2,	NULL,	NULL,	'mobile',	NULL,	NULL,	NULL,	NULL,	NULL,	NULL,	'5088e72bb464b.png',	'5088e852896d9.png',	NULL,	'北京吉英杰医药技术有限公司',	NULL,	'版权所有©北京吉英杰医药技术有限公司',	'',	'',	'北京吉英杰医药技术有限公司',	'北京吉英杰医药技术有限公司',	'北京吉英杰医药技术有限公司',	NULL,	NULL,	NULL,	NULL,	NULL,	NULL,	NULL,	NULL,	NULL,	'sina',	'',	1,	'',	1);

INSERT INTO `y_theme` (`id`, `pc`, `mobile`, `ipad`) VALUES
(1,	2,	1,	1);


-- 2012-11-27 18:25:23
